Company|CIK|Date|XML Link
AMGEN INC|318154|2003-04-28|https://www.sec.gov/Archives/edgar/data/318154/000118143103006258/rrd7824.htm
AMGEN INC|318154|2003-04-28|https://www.sec.gov/Archives/edgar/data/318154/000118143103006259/rrd7832.htm
AMGEN INC|318154|2003-04-29|https://www.sec.gov/Archives/edgar/data/318154/000118143103006350/rrd7904.htm
AMGEN INC|318154|2003-04-02|https://www.sec.gov/Archives/edgar/data/318154/000118143103005239/rrd7039.htm
AMGEN INC|318154|2003-04-29|https://www.sec.gov/Archives/edgar/data/318154/000118143103006360/rrd7857.htm
AMGEN INC|318154|2003-05-02|https://www.sec.gov/Archives/edgar/data/318154/000118143103006766/rrd8130.htm
BOEING CO|12927|2003-04-03|https://www.sec.gov/Archives/edgar/data/12927/000089102003001075/mcn492.htm
BOEING CO|12927|2003-04-03|https://www.sec.gov/Archives/edgar/data/12927/000089102003001074/gra491.htm
BOEING CO|12927|2003-04-03|https://www.sec.gov/Archives/edgar/data/12927/000089102003001077/sha494.htm
BOEING CO|12927|2003-04-03|https://www.sec.gov/Archives/edgar/data/12927/000089102003001076/pla493.htm
BOEING CO|12927|2003-04-03|https://www.sec.gov/Archives/edgar/data/12927/000089102003001078/sto487.htm
BOEING CO|12927|2003-04-03|https://www.sec.gov/Archives/edgar/data/12927/000089102003001079/big488.htm
BOEING CO|12927|2003-04-03|https://www.sec.gov/Archives/edgar/data/12927/000089102003001080/bry489.htm
BOEING CO|12927|2003-04-03|https://www.sec.gov/Archives/edgar/data/12927/000089102003001082/mcd482.htm
BOEING CO|12927|2003-04-03|https://www.sec.gov/Archives/edgar/data/12927/000089102003001083/rid485.htm
BOEING CO|12927|2003-04-03|https://www.sec.gov/Archives/edgar/data/12927/000089102003001081/dub490.htm
BOEING CO|12927|2003-04-14|https://www.sec.gov/Archives/edgar/data/12927/000089102003001200/swa497.htm
BOEING CO|12927|2003-04-14|https://www.sec.gov/Archives/edgar/data/12927/000089102003001201/pal495.htm
BOEING CO|12927|2003-04-28|https://www.sec.gov/Archives/edgar/data/12927/000089102003001340/swa502.htm
BOEING CO|12927|2003-04-23|https://www.sec.gov/Archives/edgar/data/12927/000089102003001302/alb498.htm
BOEING CO|12927|2003-04-23|https://www.sec.gov/Archives/edgar/data/12927/000089102003001303/bel499.htm
BOEING CO|12927|2003-04-14|https://www.sec.gov/Archives/edgar/data/12927/000089102003001202/soo496.htm
BOEING CO|12927|2003-04-28|https://www.sec.gov/Archives/edgar/data/12927/000089102003001342/pal503.htm
BOEING CO|12927|2003-04-28|https://www.sec.gov/Archives/edgar/data/12927/000089102003001343/soo501.htm
CATERPILLAR INC|18230|2003-04-01|https://www.sec.gov/Archives/edgar/data/18230/000001823003000133/edgar.htm
CATERPILLAR INC|18230|2003-04-01|https://www.sec.gov/Archives/edgar/data/18230/000001823003000134/edgar.htm
CATERPILLAR INC|18230|2003-04-01|https://www.sec.gov/Archives/edgar/data/18230/000001823003000137/edgar.htm
CATERPILLAR INC|18230|2003-04-01|https://www.sec.gov/Archives/edgar/data/18230/000001823003000138/edgar.htm
CATERPILLAR INC|18230|2003-04-03|https://www.sec.gov/Archives/edgar/data/18230/000001823003000149/edgar.htm
CATERPILLAR INC|18230|2003-04-03|https://www.sec.gov/Archives/edgar/data/18230/000001823003000150/edgar.htm
CATERPILLAR INC|18230|2003-04-03|https://www.sec.gov/Archives/edgar/data/18230/000001823003000152/edgar.htm
CATERPILLAR INC|18230|2003-04-03|https://www.sec.gov/Archives/edgar/data/18230/000001823003000151/edgar.htm
CATERPILLAR INC|18230|2003-04-03|https://www.sec.gov/Archives/edgar/data/18230/000001823003000155/edgar.htm
CATERPILLAR INC|18230|2003-04-03|https://www.sec.gov/Archives/edgar/data/18230/000001823003000156/edgar.htm
CATERPILLAR INC|18230|2003-04-03|https://www.sec.gov/Archives/edgar/data/18230/000001823003000157/edgar.htm
CATERPILLAR INC|18230|2003-04-03|https://www.sec.gov/Archives/edgar/data/18230/000001823003000154/edgar.htm
CATERPILLAR INC|18230|2003-04-03|https://www.sec.gov/Archives/edgar/data/18230/000001823003000158/edgar.htm
CATERPILLAR INC|18230|2003-04-03|https://www.sec.gov/Archives/edgar/data/18230/000001823003000159/edgar.htm
CATERPILLAR INC|18230|2003-04-10|https://www.sec.gov/Archives/edgar/data/18230/000001823003000164/edgar.htm
CATERPILLAR INC|18230|2003-04-10|https://www.sec.gov/Archives/edgar/data/18230/000001823003000165/edgar.htm
CATERPILLAR INC|18230|2003-04-10|https://www.sec.gov/Archives/edgar/data/18230/000001823003000166/edgar.htm
CATERPILLAR INC|18230|2003-04-10|https://www.sec.gov/Archives/edgar/data/18230/000001823003000167/edgar.htm
CATERPILLAR INC|18230|2003-04-10|https://www.sec.gov/Archives/edgar/data/18230/000001823003000169/edgar.htm
CATERPILLAR INC|18230|2003-04-10|https://www.sec.gov/Archives/edgar/data/18230/000001823003000168/edgar.htm
CATERPILLAR INC|18230|2003-04-10|https://www.sec.gov/Archives/edgar/data/18230/000001823003000170/edgar.htm
CATERPILLAR INC|18230|2003-04-10|https://www.sec.gov/Archives/edgar/data/18230/000001823003000171/edgar.htm
CATERPILLAR INC|18230|2003-04-10|https://www.sec.gov/Archives/edgar/data/18230/000001823003000173/edgar.htm
CATERPILLAR INC|18230|2003-04-10|https://www.sec.gov/Archives/edgar/data/18230/000001823003000172/edgar.htm
CATERPILLAR INC|18230|2003-04-10|https://www.sec.gov/Archives/edgar/data/18230/000001823003000175/edgar.htm
CATERPILLAR INC|18230|2003-04-10|https://www.sec.gov/Archives/edgar/data/18230/000001823003000174/edgar.htm
CATERPILLAR INC|18230|2003-04-10|https://www.sec.gov/Archives/edgar/data/18230/000001823003000176/edgar.htm
CATERPILLAR INC|18230|2003-04-11|https://www.sec.gov/Archives/edgar/data/18230/000001823003000177/edgar.htm
CATERPILLAR INC|18230|2003-05-01|https://www.sec.gov/Archives/edgar/data/18230/000001823003000188/edgar.htm
CATERPILLAR INC|18230|2003-05-01|https://www.sec.gov/Archives/edgar/data/18230/000001823003000190/edgar.htm
CATERPILLAR INC|18230|2003-04-29|https://www.sec.gov/Archives/edgar/data/18230/000001823003000184/edgar.htm
CATERPILLAR INC|18230|2003-05-01|https://www.sec.gov/Archives/edgar/data/18230/000001823003000191/edgar.htm
CATERPILLAR INC|18230|2003-05-01|https://www.sec.gov/Archives/edgar/data/18230/000001823003000193/edgar.htm
CATERPILLAR INC|18230|2003-05-01|https://www.sec.gov/Archives/edgar/data/18230/000001823003000192/edgar.htm
CATERPILLAR INC|18230|2003-05-02|https://www.sec.gov/Archives/edgar/data/18230/000001823003000195/edgar.htm
CATERPILLAR INC|18230|2003-05-02|https://www.sec.gov/Archives/edgar/data/18230/000001823003000196/edgar.htm
COCA COLA CO|21344|2003-04-03|https://www.sec.gov/Archives/edgar/data/21344/000002134403000038/dil33.htm
COCA COLA CO|21344|2003-04-03|https://www.sec.gov/Archives/edgar/data/21344/000002134403000040/wil43.htm
COCA COLA CO|21344|2003-04-03|https://www.sec.gov/Archives/edgar/data/21344/000002134403000039/kin36.htm
COCA COLA CO|21344|2003-04-03|https://www.sec.gov/Archives/edgar/data/21344/000002134403000042/ore39.htm
COCA COLA CO|21344|2003-04-03|https://www.sec.gov/Archives/edgar/data/21344/000002134403000043/ueb41.htm
COCA COLA CO|21344|2003-04-03|https://www.sec.gov/Archives/edgar/data/21344/000002134403000044/mch32.htm
COCA COLA CO|21344|2003-04-03|https://www.sec.gov/Archives/edgar/data/21344/000002134403000041/rob40.htm
COCA COLA CO|21344|2003-04-03|https://www.sec.gov/Archives/edgar/data/21344/000113194703000001/all44.htm
COCA COLA CO|21344|2003-04-03|https://www.sec.gov/Archives/edgar/data/21344/000002134403000045/nar35.htm
COCA COLA CO|21344|2003-04-03|https://www.sec.gov/Archives/edgar/data/21344/000118052003000001/bla29.htm
COCA COLA CO|21344|2003-04-03|https://www.sec.gov/Archives/edgar/data/21344/000002134403000047/nun38.htm
COCA COLA CO|21344|2003-04-03|https://www.sec.gov/Archives/edgar/data/21344/000118143103005351/rrd7100.htm
COCA COLA CO|21344|2003-04-03|https://www.sec.gov/Archives/edgar/data/21344/000119604803000001/all30.htm
COCA COLA CO|21344|2003-04-23|https://www.sec.gov/Archives/edgar/data/21344/000002134403000053/pat10.htm
COCA COLA CO|21344|2003-04-25|https://www.sec.gov/Archives/edgar/data/21344/000002134403000057/mcd11.htm
INTEL CORP|50863|2003-04-02|https://www.sec.gov/Archives/edgar/data/50863/000005086303000070/edgar.htm
INTEL CORP|50863|2003-04-02|https://www.sec.gov/Archives/edgar/data/50863/000005086303000071/edgar.htm
INTEL CORP|50863|2003-04-21|https://www.sec.gov/Archives/edgar/data/50863/000005086303000084/edgar.htm
INTEL CORP|50863|2003-04-21|https://www.sec.gov/Archives/edgar/data/50863/000005086303000085/edgar.htm
INTEL CORP|50863|2003-04-23|https://www.sec.gov/Archives/edgar/data/50863/000005086303000091/edgar.htm
INTEL CORP|50863|2003-04-23|https://www.sec.gov/Archives/edgar/data/50863/000005086303000087/edgar.htm
INTEL CORP|50863|2003-04-23|https://www.sec.gov/Archives/edgar/data/50863/000005086303000089/edgar.htm
INTEL CORP|50863|2003-04-23|https://www.sec.gov/Archives/edgar/data/50863/000005086303000093/edgar.htm
INTEL CORP|50863|2003-04-24|https://www.sec.gov/Archives/edgar/data/50863/000005086303000104/edgar.htm
INTEL CORP|50863|2003-04-24|https://www.sec.gov/Archives/edgar/data/50863/000005086303000105/edgar.htm
INTEL CORP|50863|2003-04-24|https://www.sec.gov/Archives/edgar/data/50863/000005086303000106/edgar.htm
INTEL CORP|50863|2003-04-24|https://www.sec.gov/Archives/edgar/data/50863/000005086303000107/edgar.htm
INTEL CORP|50863|2003-04-24|https://www.sec.gov/Archives/edgar/data/50863/000005086303000109/edgar.htm
INTEL CORP|50863|2003-04-24|https://www.sec.gov/Archives/edgar/data/50863/000005086303000110/edgar.htm
INTEL CORP|50863|2003-04-24|https://www.sec.gov/Archives/edgar/data/50863/000005086303000111/edgar.htm
INTEL CORP|50863|2003-04-24|https://www.sec.gov/Archives/edgar/data/50863/000005086303000114/edgar.htm
INTEL CORP|50863|2003-04-24|https://www.sec.gov/Archives/edgar/data/50863/000005086303000113/edgar.htm
INTEL CORP|50863|2003-04-24|https://www.sec.gov/Archives/edgar/data/50863/000005086303000115/edgar.htm
INTEL CORP|50863|2003-04-24|https://www.sec.gov/Archives/edgar/data/50863/000005086303000117/edgar.htm
INTEL CORP|50863|2003-04-24|https://www.sec.gov/Archives/edgar/data/50863/000005086303000118/edgar.htm
J P MORGAN CHASE & CO|19617|2003-04-02|https://www.sec.gov/Archives/edgar/data/19617/000001961703000296/big216.htm
J P MORGAN CHASE & CO|19617|2003-04-02|https://www.sec.gov/Archives/edgar/data/19617/000001961703000297/ray218.htm
J P MORGAN CHASE & CO|19617|2003-04-02|https://www.sec.gov/Archives/edgar/data/19617/000001961703000299/bec215.htm
J P MORGAN CHASE & CO|19617|2003-04-02|https://www.sec.gov/Archives/edgar/data/19617/000001961703000298/sta217.htm
JOHNSON & JOHNSON|200406|2003-04-01|https://www.sec.gov/Archives/edgar/data/200406/000118899903000004/edgar.htm
JOHNSON & JOHNSON|200406|2003-04-01|https://www.sec.gov/Archives/edgar/data/200406/000118900003000006/edgar.htm
JOHNSON & JOHNSON|200406|2003-04-01|https://www.sec.gov/Archives/edgar/data/200406/000118900503000004/edgar.htm
JOHNSON & JOHNSON|200406|2003-04-01|https://www.sec.gov/Archives/edgar/data/200406/000118900803000006/edgar.htm
JOHNSON & JOHNSON|200406|2003-04-01|https://www.sec.gov/Archives/edgar/data/200406/000118900903000004/edgar.htm
JOHNSON & JOHNSON|200406|2003-04-01|https://www.sec.gov/Archives/edgar/data/200406/000118902203000006/edgar.htm
JOHNSON & JOHNSON|200406|2003-04-01|https://www.sec.gov/Archives/edgar/data/200406/000118901903000004/edgar.htm
JOHNSON & JOHNSON|200406|2003-04-01|https://www.sec.gov/Archives/edgar/data/200406/000119220603000002/edgar.htm
JOHNSON & JOHNSON|200406|2003-04-16|https://www.sec.gov/Archives/edgar/data/200406/000118899803000003/edgar.htm
JOHNSON & JOHNSON|200406|2003-04-16|https://www.sec.gov/Archives/edgar/data/200406/000118902203000007/edgar.htm
JOHNSON & JOHNSON|200406|2003-04-21|https://www.sec.gov/Archives/edgar/data/200406/000118899803000005/edgar.htm
JOHNSON & JOHNSON|200406|2003-04-30|https://www.sec.gov/Archives/edgar/data/200406/000118900503000006/edgar.htm
JOHNSON & JOHNSON|200406|2003-05-02|https://www.sec.gov/Archives/edgar/data/200406/000118900903000006/edgar.htm
MICROSOFT CORP|789019|2003-04-18|https://www.sec.gov/Archives/edgar/data/789019/000119310303000001/edgar.htm
MICROSOFT CORP|789019|2003-04-14|https://www.sec.gov/Archives/edgar/data/789019/000119311703000010/edgar.htm
MICROSOFT CORP|789019|2003-04-22|https://www.sec.gov/Archives/edgar/data/789019/000105482203000003/edgar.htm
MICROSOFT CORP|789019|2003-04-22|https://www.sec.gov/Archives/edgar/data/789019/000111253203000001/edgar.htm
MICROSOFT CORP|789019|2003-04-24|https://www.sec.gov/Archives/edgar/data/789019/000119310903000005/edgar.htm
MICROSOFT CORP|789019|2003-04-24|https://www.sec.gov/Archives/edgar/data/789019/000110465903007279/j9813_4.htm
MICROSOFT CORP|789019|2003-04-24|https://www.sec.gov/Archives/edgar/data/789019/000119311303000002/edgar.htm
MICROSOFT CORP|789019|2003-04-25|https://www.sec.gov/Archives/edgar/data/789019/000090201203000005/edgar.htm
MICROSOFT CORP|789019|2003-04-28|https://www.sec.gov/Archives/edgar/data/789019/000090201203000006/edgar.htm
MICROSOFT CORP|789019|2003-04-29|https://www.sec.gov/Archives/edgar/data/789019/000090201203000008/edgar.htm
MICROSOFT CORP|789019|2003-04-30|https://www.sec.gov/Archives/edgar/data/789019/000119311503000001/edgar.htm
MICROSOFT CORP|789019|2003-05-01|https://www.sec.gov/Archives/edgar/data/789019/000090201203000009/edgar.htm
MICROSOFT CORP|789019|2003-05-01|https://www.sec.gov/Archives/edgar/data/789019/000090201203000010/edgar.htm
MICROSOFT CORP|789019|2003-05-02|https://www.sec.gov/Archives/edgar/data/789019/000119310303000002/edgar.htm
UNITEDHEALTH GROUP INC|731766|2003-04-01|https://www.sec.gov/Archives/edgar/data/731766/000095013403005114/c75332qe4.htm
UNITEDHEALTH GROUP INC|731766|2003-04-02|https://www.sec.gov/Archives/edgar/data/731766/000095013403005288/c75332ne4.htm
UNITEDHEALTH GROUP INC|731766|2003-04-02|https://www.sec.gov/Archives/edgar/data/731766/000095013403005289/c75332he4.htm
UNITEDHEALTH GROUP INC|731766|2003-04-02|https://www.sec.gov/Archives/edgar/data/731766/000095013403005290/c75332ie4.htm
UNITEDHEALTH GROUP INC|731766|2003-04-02|https://www.sec.gov/Archives/edgar/data/731766/000095013403005291/c75332je4.htm
UNITEDHEALTH GROUP INC|731766|2003-04-02|https://www.sec.gov/Archives/edgar/data/731766/000095013403005292/c75332ee4.htm
UNITEDHEALTH GROUP INC|731766|2003-04-02|https://www.sec.gov/Archives/edgar/data/731766/000095013403005293/c75332fe4.htm
UNITEDHEALTH GROUP INC|731766|2003-04-02|https://www.sec.gov/Archives/edgar/data/731766/000095013403005294/c75332ge4.htm
UNITEDHEALTH GROUP INC|731766|2003-04-02|https://www.sec.gov/Archives/edgar/data/731766/000095013403005295/c75332me4.htm
UNITEDHEALTH GROUP INC|731766|2003-04-02|https://www.sec.gov/Archives/edgar/data/731766/000095013403005297/c75332le4.htm
UNITEDHEALTH GROUP INC|731766|2003-04-02|https://www.sec.gov/Archives/edgar/data/731766/000095013403005298/c75332ke4.htm
VERIZON COMMUNICATIONS INC|732712|2003-04-01|https://www.sec.gov/Archives/edgar/data/732712/000120147903000121/edgar.htm
VERIZON COMMUNICATIONS INC|732712|2003-04-01|https://www.sec.gov/Archives/edgar/data/732712/000120147903000122/edgar.htm
VERIZON COMMUNICATIONS INC|732712|2003-04-01|https://www.sec.gov/Archives/edgar/data/732712/000120147903000123/edgar.htm
VERIZON COMMUNICATIONS INC|732712|2003-04-01|https://www.sec.gov/Archives/edgar/data/732712/000120147903000124/edgar.htm
VERIZON COMMUNICATIONS INC|732712|2003-04-01|https://www.sec.gov/Archives/edgar/data/732712/000120147903000125/edgar.htm
VERIZON COMMUNICATIONS INC|732712|2003-04-01|https://www.sec.gov/Archives/edgar/data/732712/000120147903000127/edgar.htm
VERIZON COMMUNICATIONS INC|732712|2003-04-01|https://www.sec.gov/Archives/edgar/data/732712/000120147903000126/edgar.htm
VERIZON COMMUNICATIONS INC|732712|2003-04-01|https://www.sec.gov/Archives/edgar/data/732712/000120147903000128/edgar.htm
VERIZON COMMUNICATIONS INC|732712|2003-04-01|https://www.sec.gov/Archives/edgar/data/732712/000120147903000129/edgar.htm
VERIZON COMMUNICATIONS INC|732712|2003-04-01|https://www.sec.gov/Archives/edgar/data/732712/000120147903000130/edgar.htm
VERIZON COMMUNICATIONS INC|732712|2003-04-02|https://www.sec.gov/Archives/edgar/data/732712/000120147903000131/edgar.htm
VERIZON COMMUNICATIONS INC|732712|2003-04-02|https://www.sec.gov/Archives/edgar/data/732712/000120147903000132/edgar.htm
VERIZON COMMUNICATIONS INC|732712|2003-04-02|https://www.sec.gov/Archives/edgar/data/732712/000120147903000133/edgar.htm
VERIZON COMMUNICATIONS INC|732712|2003-04-02|https://www.sec.gov/Archives/edgar/data/732712/000120147903000134/edgar.htm
VERIZON COMMUNICATIONS INC|732712|2003-04-02|https://www.sec.gov/Archives/edgar/data/732712/000120147903000135/edgar.htm
VERIZON COMMUNICATIONS INC|732712|2003-04-02|https://www.sec.gov/Archives/edgar/data/732712/000120147903000136/edgar.htm
VERIZON COMMUNICATIONS INC|732712|2003-04-15|https://www.sec.gov/Archives/edgar/data/732712/000120147903000137/edgar.htm
VERIZON COMMUNICATIONS INC|732712|2003-04-15|https://www.sec.gov/Archives/edgar/data/732712/000120147903000139/edgar.htm
VERIZON COMMUNICATIONS INC|732712|2003-04-15|https://www.sec.gov/Archives/edgar/data/732712/000120147903000138/edgar.htm
VERIZON COMMUNICATIONS INC|732712|2003-04-15|https://www.sec.gov/Archives/edgar/data/732712/000120147903000140/edgar.htm
VERIZON COMMUNICATIONS INC|732712|2003-04-15|https://www.sec.gov/Archives/edgar/data/732712/000120147903000141/edgar.htm
VERIZON COMMUNICATIONS INC|732712|2003-04-15|https://www.sec.gov/Archives/edgar/data/732712/000120147903000142/edgar.htm
VERIZON COMMUNICATIONS INC|732712|2003-04-15|https://www.sec.gov/Archives/edgar/data/732712/000120147903000143/edgar.htm
VERIZON COMMUNICATIONS INC|732712|2003-04-15|https://www.sec.gov/Archives/edgar/data/732712/000120147903000144/edgar.htm
VERIZON COMMUNICATIONS INC|732712|2003-04-15|https://www.sec.gov/Archives/edgar/data/732712/000120147903000145/edgar.htm
VERIZON COMMUNICATIONS INC|732712|2003-04-16|https://www.sec.gov/Archives/edgar/data/732712/000120147903000146/edgar.htm
VERIZON COMMUNICATIONS INC|732712|2003-04-29|https://www.sec.gov/Archives/edgar/data/732712/000120147903000147/edgar.htm
VERIZON COMMUNICATIONS INC|732712|2003-04-29|https://www.sec.gov/Archives/edgar/data/732712/000120147903000148/edgar.htm
VERIZON COMMUNICATIONS INC|732712|2003-04-29|https://www.sec.gov/Archives/edgar/data/732712/000120147903000149/edgar.htm
VERIZON COMMUNICATIONS INC|732712|2003-04-29|https://www.sec.gov/Archives/edgar/data/732712/000120147903000150/edgar.htm
VERIZON COMMUNICATIONS INC|732712|2003-04-29|https://www.sec.gov/Archives/edgar/data/732712/000120147903000151/edgar.htm
VERIZON COMMUNICATIONS INC|732712|2003-04-29|https://www.sec.gov/Archives/edgar/data/732712/000120147903000152/edgar.htm
VERIZON COMMUNICATIONS INC|732712|2003-04-29|https://www.sec.gov/Archives/edgar/data/732712/000120147903000153/edgar.htm
VERIZON COMMUNICATIONS INC|732712|2003-04-29|https://www.sec.gov/Archives/edgar/data/732712/000120147903000154/edgar.htm
VERIZON COMMUNICATIONS INC|732712|2003-04-29|https://www.sec.gov/Archives/edgar/data/732712/000120147903000155/edgar.htm
VERIZON COMMUNICATIONS INC|732712|2003-05-01|https://www.sec.gov/Archives/edgar/data/732712/000120147903000156/edgar.htm
BOEING CO|12927|2002-09-03|https://www.sec.gov/Archives/edgar/data/12927/000113763802000018/alb305.htm
BOEING CO|12927|2002-09-03|https://www.sec.gov/Archives/edgar/data/12927/000113763802000019/swa303.htm
BOEING CO|12927|2002-09-03|https://www.sec.gov/Archives/edgar/data/12927/000113763802000021/pal301.htm
BOEING CO|12927|2002-09-16|https://www.sec.gov/Archives/edgar/data/12927/000089102002001346/pal309.htm
BOEING CO|12927|2002-09-16|https://www.sec.gov/Archives/edgar/data/12927/000089102002001344/alb308.htm
BOEING CO|12927|2002-09-16|https://www.sec.gov/Archives/edgar/data/12927/000089102002001351/swa311.htm
BOEING CO|12927|2002-09-30|https://www.sec.gov/Archives/edgar/data/12927/000089102002001397/pal313.htm
BOEING CO|12927|2002-09-30|https://www.sec.gov/Archives/edgar/data/12927/000089102002001395/alb316.htm
BOEING CO|12927|2002-09-16|https://www.sec.gov/Archives/edgar/data/12927/000089102002001348/soo310.htm
BOEING CO|12927|2002-09-03|https://www.sec.gov/Archives/edgar/data/12927/000113763802000015/soo304.htm
BOEING CO|12927|2002-09-30|https://www.sec.gov/Archives/edgar/data/12927/000089102002001399/soo314.htm
BOEING CO|12927|2002-09-30|https://www.sec.gov/Archives/edgar/data/12927/000089102002001401/swa315.htm
JOHNSON & JOHNSON|200406|2002-09-17|https://www.sec.gov/Archives/edgar/data/200406/000114263002000002/edgar.htm
JOHNSON & JOHNSON|200406|2002-09-17|https://www.sec.gov/Archives/edgar/data/200406/000118899602000002/edgar.htm
JOHNSON & JOHNSON|200406|2002-09-17|https://www.sec.gov/Archives/edgar/data/200406/000118900702000003/edgar.htm
JOHNSON & JOHNSON|200406|2002-09-17|https://www.sec.gov/Archives/edgar/data/200406/000118901602000002/edgar.htm
JOHNSON & JOHNSON|200406|2002-09-17|https://www.sec.gov/Archives/edgar/data/200406/000118901802000002/edgar.htm
UNITEDHEALTH GROUP INC|731766|2002-09-03|https://www.sec.gov/Archives/edgar/data/731766/000095013402010877/c71673e4.htm
AMGEN INC|318154|2003-01-03|https://www.sec.gov/Archives/edgar/data/318154/000118143103000189/rrd3248.htm
AMGEN INC|318154|2003-01-03|https://www.sec.gov/Archives/edgar/data/318154/000118143103000192/rrd3273.htm
AMGEN INC|318154|2003-01-03|https://www.sec.gov/Archives/edgar/data/318154/000118143103000191/rrd3230.htm
AMGEN INC|318154|2003-01-03|https://www.sec.gov/Archives/edgar/data/318154/000118143103000188/rrd3233.htm
AMGEN INC|318154|2003-01-03|https://www.sec.gov/Archives/edgar/data/318154/000118143103000194/rrd3247.htm
AMGEN INC|318154|2003-01-03|https://www.sec.gov/Archives/edgar/data/318154/000118143103000235/rrd3303.htm
AMGEN INC|318154|2003-01-21|https://www.sec.gov/Archives/edgar/data/318154/000118143103000885/rrd3836.htm
AMGEN INC|318154|2003-01-27|https://www.sec.gov/Archives/edgar/data/318154/000118143103001008/rrd3993.htm
AMGEN INC|318154|2003-01-28|https://www.sec.gov/Archives/edgar/data/318154/000118143103001077/rrd4031.htm
AMGEN INC|318154|2003-01-28|https://www.sec.gov/Archives/edgar/data/318154/000118143103001079/rrd4030.htm
AMGEN INC|318154|2003-01-28|https://www.sec.gov/Archives/edgar/data/318154/000118143103001071/rrd4032.htm
AMGEN INC|318154|2003-01-28|https://www.sec.gov/Archives/edgar/data/318154/000118143103001084/rrd4036.htm
AMGEN INC|318154|2003-01-28|https://www.sec.gov/Archives/edgar/data/318154/000118143103001088/rrd4046.htm
AMGEN INC|318154|2003-01-28|https://www.sec.gov/Archives/edgar/data/318154/000118143103001118/rrd4053.htm
AMGEN INC|318154|2003-01-28|https://www.sec.gov/Archives/edgar/data/318154/000118143103001120/rrd4056.htm
AMGEN INC|318154|2003-01-28|https://www.sec.gov/Archives/edgar/data/318154/000118143103001082/rrd4033.htm
AMGEN INC|318154|2003-01-28|https://www.sec.gov/Archives/edgar/data/318154/000118143103001122/rrd4063.htm
AMGEN INC|318154|2003-01-28|https://www.sec.gov/Archives/edgar/data/318154/000118143103001126/rrd4067.htm
AMGEN INC|318154|2003-01-28|https://www.sec.gov/Archives/edgar/data/318154/000118143103001128/rrd4068.htm
AMGEN INC|318154|2003-01-29|https://www.sec.gov/Archives/edgar/data/318154/000118143103001130/rrd4069.htm
AMGEN INC|318154|2003-01-30|https://www.sec.gov/Archives/edgar/data/318154/000118143103001231/rrd4153.htm
AMGEN INC|318154|2003-01-31|https://www.sec.gov/Archives/edgar/data/318154/000118143103001325/rrd4233.htm
AMGEN INC|318154|2003-03-03|https://www.sec.gov/Archives/edgar/data/318154/000118143103003600/rrd5836.htm
AMGEN INC|318154|2003-01-29|https://www.sec.gov/Archives/edgar/data/318154/000118143103001132/rrd4078.htm
AMGEN INC|318154|2003-03-03|https://www.sec.gov/Archives/edgar/data/318154/000118143103003599/rrd5833.htm
AMGEN INC|318154|2003-03-03|https://www.sec.gov/Archives/edgar/data/318154/000118143103003538/rrd5814.htm
AMGEN INC|318154|2003-03-04|https://www.sec.gov/Archives/edgar/data/318154/000118143103003688/rrd5907.htm
AMGEN INC|318154|2003-03-05|https://www.sec.gov/Archives/edgar/data/318154/000118143103003796/rrd5963.htm
AMGEN INC|318154|2003-03-07|https://www.sec.gov/Archives/edgar/data/318154/000118143103003942/rrd6055.htm
AMGEN INC|318154|2003-03-12|https://www.sec.gov/Archives/edgar/data/318154/000118143103004120/rrd6166.htm
AMGEN INC|318154|2003-03-17|https://www.sec.gov/Archives/edgar/data/318154/000118143103004353/rrd6378.htm
BOEING CO|12927|2003-01-03|https://www.sec.gov/Archives/edgar/data/12927/000089102003000037/pal367.htm
BOEING CO|12927|2003-01-03|https://www.sec.gov/Archives/edgar/data/12927/000089102003000039/soo368.htm
BOEING CO|12927|2003-01-03|https://www.sec.gov/Archives/edgar/data/12927/000089102003000041/swa369.htm
APPLE COMPUTER INC|320193|2003-03-21|https://www.sec.gov/Archives/edgar/data/320193/000110465903004723/j8739_4.htm
AMGEN INC|318154|2003-03-21|https://www.sec.gov/Archives/edgar/data/318154/000118143103004623/rrd6554.htm
BOEING CO|12927|2003-01-10|https://www.sec.gov/Archives/edgar/data/12927/000089102003000070/pal370.htm
BOEING CO|12927|2003-01-15|https://www.sec.gov/Archives/edgar/data/12927/000089102003000105/swa375.htm
BOEING CO|12927|2003-01-15|https://www.sec.gov/Archives/edgar/data/12927/000089102003000109/pal373.htm
BOEING CO|12927|2003-01-15|https://www.sec.gov/Archives/edgar/data/12927/000089102003000107/soo374.htm
BOEING CO|12927|2003-01-15|https://www.sec.gov/Archives/edgar/data/12927/000089102003000111/sea376.htm
BOEING CO|12927|2003-01-17|https://www.sec.gov/Archives/edgar/data/12927/000089102003000129/big377.htm
BOEING CO|12927|2003-01-15|https://www.sec.gov/Archives/edgar/data/12927/000089102003000114/koe372.htm
BOEING CO|12927|2003-01-17|https://www.sec.gov/Archives/edgar/data/12927/000089102003000133/dub379.htm
BOEING CO|12927|2003-01-17|https://www.sec.gov/Archives/edgar/data/12927/000089102003000127/sto386.htm
BOEING CO|12927|2003-01-17|https://www.sec.gov/Archives/edgar/data/12927/000089102003000131/bry378.htm
BOEING CO|12927|2003-01-17|https://www.sec.gov/Archives/edgar/data/12927/000089102003000135/gra380.htm
BOEING CO|12927|2003-01-17|https://www.sec.gov/Archives/edgar/data/12927/000089102003000138/mcd381.htm
BOEING CO|12927|2003-01-17|https://www.sec.gov/Archives/edgar/data/12927/000089102003000140/mcn382.htm
BOEING CO|12927|2003-01-17|https://www.sec.gov/Archives/edgar/data/12927/000089102003000142/pla383.htm
BOEING CO|12927|2003-01-17|https://www.sec.gov/Archives/edgar/data/12927/000089102003000144/rid384.htm
BOEING CO|12927|2003-01-17|https://www.sec.gov/Archives/edgar/data/12927/000089102003000154/swa389.htm
BOEING CO|12927|2003-01-17|https://www.sec.gov/Archives/edgar/data/12927/000089102003000152/pal387.htm
BOEING CO|12927|2003-01-17|https://www.sec.gov/Archives/edgar/data/12927/000089102003000156/soo388.htm
BOEING CO|12927|2003-01-17|https://www.sec.gov/Archives/edgar/data/12927/000089102003000146/sha385.htm
BOEING CO|12927|2003-01-21|https://www.sec.gov/Archives/edgar/data/12927/000089102003000170/pic393.htm
BOEING CO|12927|2003-01-21|https://www.sec.gov/Archives/edgar/data/12927/000089102003000171/de394.htm
BOEING CO|12927|2003-01-21|https://www.sec.gov/Archives/edgar/data/12927/000089102003000172/bel390.htm
BOEING CO|12927|2003-01-23|https://www.sec.gov/Archives/edgar/data/12927/000089102003000232/con391.htm
BOEING CO|12927|2003-02-03|https://www.sec.gov/Archives/edgar/data/12927/000089102003000288/pal401.htm
BOEING CO|12927|2003-02-03|https://www.sec.gov/Archives/edgar/data/12927/000089102003000291/soo402.htm
BOEING CO|12927|2003-02-07|https://www.sec.gov/Archives/edgar/data/12927/000089102003000362/mul404.htm
BOEING CO|12927|2003-02-18|https://www.sec.gov/Archives/edgar/data/12927/000089102003000530/pal410.htm
BOEING CO|12927|2003-02-03|https://www.sec.gov/Archives/edgar/data/12927/000089102003000293/swa403.htm
BOEING CO|12927|2003-02-18|https://www.sec.gov/Archives/edgar/data/12927/000089102003000532/soo408.htm
BOEING CO|12927|2003-02-18|https://www.sec.gov/Archives/edgar/data/12927/000089102003000534/swa409.htm
BOEING CO|12927|2003-02-20|https://www.sec.gov/Archives/edgar/data/12927/000089102003000547/sto405.htm
BOEING CO|12927|2003-02-20|https://www.sec.gov/Archives/edgar/data/12927/000089102003000546/con411.htm
BOEING CO|12927|2003-02-26|https://www.sec.gov/Archives/edgar/data/12927/000089102003000584/alb427.htm
BOEING CO|12927|2003-02-21|https://www.sec.gov/Archives/edgar/data/12927/000089102003000551/bai412.htm
BOEING CO|12927|2003-02-26|https://www.sec.gov/Archives/edgar/data/12927/000089102003000588/soo424.htm
BOEING CO|12927|2003-02-26|https://www.sec.gov/Archives/edgar/data/12927/000089102003000587/swa425.htm
BOEING CO|12927|2003-02-26|https://www.sec.gov/Archives/edgar/data/12927/000089102003000599/car415.htm
BOEING CO|12927|2003-02-26|https://www.sec.gov/Archives/edgar/data/12927/000089102003000590/bai414.htm
BOEING CO|12927|2003-02-26|https://www.sec.gov/Archives/edgar/data/12927/000089102003000601/pal421.htm
BOEING CO|12927|2003-02-26|https://www.sec.gov/Archives/edgar/data/12927/000089102003000600/bel428.htm
BOEING CO|12927|2003-02-26|https://www.sec.gov/Archives/edgar/data/12927/000089102003000603/pic422.htm
BOEING CO|12927|2003-02-26|https://www.sec.gov/Archives/edgar/data/12927/000089102003000604/koe419.htm
BOEING CO|12927|2003-02-26|https://www.sec.gov/Archives/edgar/data/12927/000089102003000605/hay418.htm
BOEING CO|12927|2003-02-26|https://www.sec.gov/Archives/edgar/data/12927/000089102003000607/mul420.htm
BOEING CO|12927|2003-02-26|https://www.sec.gov/Archives/edgar/data/12927/000089102003000609/sea423.htm
BOEING CO|12927|2003-02-26|https://www.sec.gov/Archives/edgar/data/12927/000089102003000608/del429.htm
BOEING CO|12927|2003-02-26|https://www.sec.gov/Archives/edgar/data/12927/000089102003000610/con430.htm
BOEING CO|12927|2003-03-03|https://www.sec.gov/Archives/edgar/data/12927/000089102003000629/pal434.htm
BOEING CO|12927|2003-03-03|https://www.sec.gov/Archives/edgar/data/12927/000089102003000631/swa433.htm
BOEING CO|12927|2003-03-03|https://www.sec.gov/Archives/edgar/data/12927/000089102003000630/soo432.htm
BOEING CO|12927|2003-03-10|https://www.sec.gov/Archives/edgar/data/12927/000089102003000687/sea453.htm
BOEING CO|12927|2003-03-10|https://www.sec.gov/Archives/edgar/data/12927/000089102003000690/mul443.htm
BOEING CO|12927|2003-03-10|https://www.sec.gov/Archives/edgar/data/12927/000089102003000689/pal444.htm
BOEING CO|12927|2003-03-10|https://www.sec.gov/Archives/edgar/data/12927/000089102003000688/pic446.htm
BOEING CO|12927|2003-03-10|https://www.sec.gov/Archives/edgar/data/12927/000089102003000691/koe452.htm
BOEING CO|12927|2003-03-10|https://www.sec.gov/Archives/edgar/data/12927/000089102003000704/con437.htm
BOEING CO|12927|2003-03-10|https://www.sec.gov/Archives/edgar/data/12927/000089102003000705/car457.htm
BOEING CO|12927|2003-03-10|https://www.sec.gov/Archives/edgar/data/12927/000089102003000706/bel450.htm
BOEING CO|12927|2003-03-10|https://www.sec.gov/Archives/edgar/data/12927/000089102003000708/sto456.htm
BOEING CO|12927|2003-03-10|https://www.sec.gov/Archives/edgar/data/12927/000089102003000707/soo455.htm
BOEING CO|12927|2003-03-10|https://www.sec.gov/Archives/edgar/data/12927/000089102003000709/swa449.htm
BOEING CO|12927|2003-03-10|https://www.sec.gov/Archives/edgar/data/12927/000089102003000714/hay441.htm
BOEING CO|12927|2003-03-10|https://www.sec.gov/Archives/edgar/data/12927/000089102003000711/bai436.htm
BOEING CO|12927|2003-03-10|https://www.sec.gov/Archives/edgar/data/12927/000089102003000717/de440.htm
BOEING CO|12927|2003-03-10|https://www.sec.gov/Archives/edgar/data/12927/000089102003000718/alb435.htm
BOEING CO|12927|2003-03-11|https://www.sec.gov/Archives/edgar/data/12927/000089102003000727/rid458.htm
BOEING CO|12927|2003-03-12|https://www.sec.gov/Archives/edgar/data/12927/000089102003000763/swa470.htm
BOEING CO|12927|2003-03-12|https://www.sec.gov/Archives/edgar/data/12927/000089102003000764/soo469.htm
BOEING CO|12927|2003-03-12|https://www.sec.gov/Archives/edgar/data/12927/000089102003000765/sea468.htm
BOEING CO|12927|2003-03-12|https://www.sec.gov/Archives/edgar/data/12927/000089102003000766/pal466.htm
BOEING CO|12927|2003-03-12|https://www.sec.gov/Archives/edgar/data/12927/000089102003000767/mul467.htm
BOEING CO|12927|2003-03-12|https://www.sec.gov/Archives/edgar/data/12927/000089102003000768/koe465.htm
BOEING CO|12927|2003-03-12|https://www.sec.gov/Archives/edgar/data/12927/000089102003000769/hay464.htm
BOEING CO|12927|2003-03-12|https://www.sec.gov/Archives/edgar/data/12927/000089102003000770/con463.htm
BOEING CO|12927|2003-03-12|https://www.sec.gov/Archives/edgar/data/12927/000089102003000772/bel461.htm
BOEING CO|12927|2003-03-12|https://www.sec.gov/Archives/edgar/data/12927/000089102003000771/car462.htm
BOEING CO|12927|2003-03-12|https://www.sec.gov/Archives/edgar/data/12927/000089102003000773/bai460.htm
BOEING CO|12927|2003-03-12|https://www.sec.gov/Archives/edgar/data/12927/000089102003000774/alb459.htm
BOEING CO|12927|2003-03-14|https://www.sec.gov/Archives/edgar/data/12927/000089102003000800/soo472.htm
BOEING CO|12927|2003-03-14|https://www.sec.gov/Archives/edgar/data/12927/000089102003000801/swa473.htm
BOEING CO|12927|2003-03-14|https://www.sec.gov/Archives/edgar/data/12927/000089102003000802/pal471.htm
BOEING CO|12927|2003-03-31|https://www.sec.gov/Archives/edgar/data/12927/000089102003000995/pal477.htm
BOEING CO|12927|2003-03-31|https://www.sec.gov/Archives/edgar/data/12927/000089102003000997/swa476.htm
CATERPILLAR INC|18230|2003-01-02|https://www.sec.gov/Archives/edgar/data/18230/000001823003000004/edgar.htm
CATERPILLAR INC|18230|2003-01-02|https://www.sec.gov/Archives/edgar/data/18230/000001823003000002/edgar.htm
BOEING CO|12927|2003-03-31|https://www.sec.gov/Archives/edgar/data/12927/000089102003000996/soo475.htm
CATERPILLAR INC|18230|2003-01-02|https://www.sec.gov/Archives/edgar/data/18230/000001823003000006/edgar.htm
CATERPILLAR INC|18230|2003-01-02|https://www.sec.gov/Archives/edgar/data/18230/000001823003000008/edgar.htm
CATERPILLAR INC|18230|2003-01-02|https://www.sec.gov/Archives/edgar/data/18230/000001823003000010/edgar.htm
CATERPILLAR INC|18230|2003-01-06|https://www.sec.gov/Archives/edgar/data/18230/000001823003000012/edgar.htm
CATERPILLAR INC|18230|2003-01-06|https://www.sec.gov/Archives/edgar/data/18230/000001823003000014/edgar.htm
CATERPILLAR INC|18230|2003-01-06|https://www.sec.gov/Archives/edgar/data/18230/000001823003000016/edgar.htm
CATERPILLAR INC|18230|2003-01-06|https://www.sec.gov/Archives/edgar/data/18230/000001823003000018/edgar.htm
CATERPILLAR INC|18230|2003-01-13|https://www.sec.gov/Archives/edgar/data/18230/000001823003000021/edgar.htm
CATERPILLAR INC|18230|2003-01-06|https://www.sec.gov/Archives/edgar/data/18230/000001823003000020/edgar.htm
CATERPILLAR INC|18230|2003-01-13|https://www.sec.gov/Archives/edgar/data/18230/000001823003000022/edgar.htm
CATERPILLAR INC|18230|2003-01-13|https://www.sec.gov/Archives/edgar/data/18230/000001823003000023/edgar.htm
CATERPILLAR INC|18230|2003-01-13|https://www.sec.gov/Archives/edgar/data/18230/000001823003000024/edgar.htm
CATERPILLAR INC|18230|2003-01-13|https://www.sec.gov/Archives/edgar/data/18230/000001823003000025/edgar.htm
CATERPILLAR INC|18230|2003-01-13|https://www.sec.gov/Archives/edgar/data/18230/000001823003000026/edgar.htm
CATERPILLAR INC|18230|2003-01-13|https://www.sec.gov/Archives/edgar/data/18230/000001823003000027/edgar.htm
CATERPILLAR INC|18230|2003-01-13|https://www.sec.gov/Archives/edgar/data/18230/000001823003000028/edgar.htm
CATERPILLAR INC|18230|2003-01-13|https://www.sec.gov/Archives/edgar/data/18230/000001823003000029/edgar.htm
CATERPILLAR INC|18230|2003-01-13|https://www.sec.gov/Archives/edgar/data/18230/000001823003000030/edgar.htm
CATERPILLAR INC|18230|2003-01-13|https://www.sec.gov/Archives/edgar/data/18230/000001823003000031/edgar.htm
CATERPILLAR INC|18230|2003-01-13|https://www.sec.gov/Archives/edgar/data/18230/000001823003000032/edgar.htm
CATERPILLAR INC|18230|2003-01-13|https://www.sec.gov/Archives/edgar/data/18230/000001823003000033/edgar.htm
CATERPILLAR INC|18230|2003-01-13|https://www.sec.gov/Archives/edgar/data/18230/000001823003000034/edgar.htm
CATERPILLAR INC|18230|2003-01-13|https://www.sec.gov/Archives/edgar/data/18230/000001823003000035/edgar.htm
CATERPILLAR INC|18230|2003-01-13|https://www.sec.gov/Archives/edgar/data/18230/000001823003000036/edgar.htm
CATERPILLAR INC|18230|2003-01-13|https://www.sec.gov/Archives/edgar/data/18230/000001823003000037/edgar.htm
CATERPILLAR INC|18230|2003-01-13|https://www.sec.gov/Archives/edgar/data/18230/000001823003000038/edgar.htm
CATERPILLAR INC|18230|2003-01-13|https://www.sec.gov/Archives/edgar/data/18230/000001823003000039/edgar.htm
CATERPILLAR INC|18230|2003-01-13|https://www.sec.gov/Archives/edgar/data/18230/000001823003000040/edgar.htm
CATERPILLAR INC|18230|2003-01-13|https://www.sec.gov/Archives/edgar/data/18230/000001823003000041/edgar.htm
CATERPILLAR INC|18230|2003-01-13|https://www.sec.gov/Archives/edgar/data/18230/000001823003000042/edgar.htm
CATERPILLAR INC|18230|2003-01-13|https://www.sec.gov/Archives/edgar/data/18230/000001823003000043/edgar.htm
CATERPILLAR INC|18230|2003-01-13|https://www.sec.gov/Archives/edgar/data/18230/000001823003000044/edgar.htm
CATERPILLAR INC|18230|2003-01-13|https://www.sec.gov/Archives/edgar/data/18230/000001823003000045/edgar.htm
CATERPILLAR INC|18230|2003-01-13|https://www.sec.gov/Archives/edgar/data/18230/000001823003000046/edgar.htm
CATERPILLAR INC|18230|2003-01-13|https://www.sec.gov/Archives/edgar/data/18230/000001823003000047/edgar.htm
CATERPILLAR INC|18230|2003-02-03|https://www.sec.gov/Archives/edgar/data/18230/000001823003000063/edgar.htm
CATERPILLAR INC|18230|2003-01-13|https://www.sec.gov/Archives/edgar/data/18230/000001823003000049/edgar.htm
CATERPILLAR INC|18230|2003-02-03|https://www.sec.gov/Archives/edgar/data/18230/000001823003000064/edgar.htm
CATERPILLAR INC|18230|2003-01-13|https://www.sec.gov/Archives/edgar/data/18230/000001823003000048/edgar.htm
CATERPILLAR INC|18230|2003-02-03|https://www.sec.gov/Archives/edgar/data/18230/000001823003000065/edgar.htm
CATERPILLAR INC|18230|2003-02-03|https://www.sec.gov/Archives/edgar/data/18230/000001823003000066/edgar.htm
CATERPILLAR INC|18230|2003-02-06|https://www.sec.gov/Archives/edgar/data/18230/000001823003000069/edgar.htm
CATERPILLAR INC|18230|2003-02-06|https://www.sec.gov/Archives/edgar/data/18230/000001823003000070/edgar.htm
CATERPILLAR INC|18230|2003-02-18|https://www.sec.gov/Archives/edgar/data/18230/000001823003000078/edgar.htm
CATERPILLAR INC|18230|2003-02-25|https://www.sec.gov/Archives/edgar/data/18230/000001823003000082/edgar.htm
CATERPILLAR INC|18230|2003-03-04|https://www.sec.gov/Archives/edgar/data/18230/000001823003000086/edgar.htm
CATERPILLAR INC|18230|2003-03-04|https://www.sec.gov/Archives/edgar/data/18230/000001823003000090/edgar.htm
CATERPILLAR INC|18230|2003-03-04|https://www.sec.gov/Archives/edgar/data/18230/000001823003000092/edgar.htm
CATERPILLAR INC|18230|2003-03-04|https://www.sec.gov/Archives/edgar/data/18230/000001823003000088/edgar.htm
CATERPILLAR INC|18230|2003-03-04|https://www.sec.gov/Archives/edgar/data/18230/000001823003000094/edgar.htm
CATERPILLAR INC|18230|2003-03-04|https://www.sec.gov/Archives/edgar/data/18230/000001823003000096/edgar.htm
CATERPILLAR INC|18230|2003-03-04|https://www.sec.gov/Archives/edgar/data/18230/000001823003000098/edgar.htm
CATERPILLAR INC|18230|2003-03-04|https://www.sec.gov/Archives/edgar/data/18230/000001823003000100/edgar.htm
CATERPILLAR INC|18230|2003-03-04|https://www.sec.gov/Archives/edgar/data/18230/000001823003000101/edgar.htm
CATERPILLAR INC|18230|2003-03-04|https://www.sec.gov/Archives/edgar/data/18230/000001823003000103/edgar.htm
CATERPILLAR INC|18230|2003-03-04|https://www.sec.gov/Archives/edgar/data/18230/000001823003000105/edgar.htm
CATERPILLAR INC|18230|2003-03-26|https://www.sec.gov/Archives/edgar/data/18230/000001823003000120/edgar.htm
CATERPILLAR INC|18230|2003-03-10|https://www.sec.gov/Archives/edgar/data/18230/000001823003000110/edgar.htm
CATERPILLAR INC|18230|2003-03-26|https://www.sec.gov/Archives/edgar/data/18230/000001823003000122/edgar.htm
CATERPILLAR INC|18230|2003-03-26|https://www.sec.gov/Archives/edgar/data/18230/000001823003000121/edgar.htm
CATERPILLAR INC|18230|2003-03-26|https://www.sec.gov/Archives/edgar/data/18230/000001823003000123/edgar.htm
COCA COLA CO|21344|2003-03-24|https://www.sec.gov/Archives/edgar/data/21344/000002134403000028/dun5.htm
INTEL CORP|50863|2003-01-03|https://www.sec.gov/Archives/edgar/data/50863/000005086303000007/edgar.htm
INTEL CORP|50863|2003-01-03|https://www.sec.gov/Archives/edgar/data/50863/000005086303000008/edgar.htm
INTEL CORP|50863|2003-01-08|https://www.sec.gov/Archives/edgar/data/50863/000005086303000010/edgar.htm
INTEL CORP|50863|2003-01-13|https://www.sec.gov/Archives/edgar/data/50863/000005086303000017/edgar.htm
INTEL CORP|50863|2003-01-21|https://www.sec.gov/Archives/edgar/data/50863/000005086303000026/edgar.htm
INTEL CORP|50863|2003-01-21|https://www.sec.gov/Archives/edgar/data/50863/000005086303000024/edgar.htm
INTEL CORP|50863|2003-01-24|https://www.sec.gov/Archives/edgar/data/50863/000005086303000033/edgar.htm
INTEL CORP|50863|2003-01-24|https://www.sec.gov/Archives/edgar/data/50863/000005086303000034/edgar.htm
INTEL CORP|50863|2003-01-27|https://www.sec.gov/Archives/edgar/data/50863/000005086303000036/edgar.htm
INTEL CORP|50863|2003-01-27|https://www.sec.gov/Archives/edgar/data/50863/000005086303000037/edgar.htm
INTEL CORP|50863|2003-01-28|https://www.sec.gov/Archives/edgar/data/50863/000005086303000040/edgar.htm
INTEL CORP|50863|2003-01-29|https://www.sec.gov/Archives/edgar/data/50863/000005086303000042/edgar.htm
INTEL CORP|50863|2003-02-18|https://www.sec.gov/Archives/edgar/data/50863/000005086303000055/edgar.htm
INTEL CORP|50863|2003-02-25|https://www.sec.gov/Archives/edgar/data/50863/000005086303000058/edgar.htm
INTEL CORP|50863|2003-03-18|https://www.sec.gov/Archives/edgar/data/50863/000005086303000064/edgar.htm
INTEL CORP|50863|2003-02-28|https://www.sec.gov/Archives/edgar/data/50863/000005086303000060/edgar.htm
J P MORGAN CHASE & CO|19617|2003-01-02|https://www.sec.gov/Archives/edgar/data/19617/000001961703000008/bec129.htm
J P MORGAN CHASE & CO|19617|2003-01-02|https://www.sec.gov/Archives/edgar/data/19617/000001961703000009/ray134.htm
J P MORGAN CHASE & CO|19617|2003-01-02|https://www.sec.gov/Archives/edgar/data/19617/000001961703000010/sta135.htm
J P MORGAN CHASE & CO|19617|2003-01-02|https://www.sec.gov/Archives/edgar/data/19617/000001961703000011/war136.htm
J P MORGAN CHASE & CO|19617|2003-01-07|https://www.sec.gov/Archives/edgar/data/19617/000001961703000013/cou137.htm
J P MORGAN CHASE & CO|19617|2003-01-13|https://www.sec.gov/Archives/edgar/data/19617/000001961703000015/sta148.htm
J P MORGAN CHASE & CO|19617|2003-01-28|https://www.sec.gov/Archives/edgar/data/19617/000001961703000040/bla150.htm
J P MORGAN CHASE & CO|19617|2003-01-28|https://www.sec.gov/Archives/edgar/data/19617/000001961703000041/dan151.htm
J P MORGAN CHASE & CO|19617|2003-01-28|https://www.sec.gov/Archives/edgar/data/19617/000001961703000042/dub152.htm
J P MORGAN CHASE & CO|19617|2003-01-28|https://www.sec.gov/Archives/edgar/data/19617/000001961703000043/far154.htm
J P MORGAN CHASE & CO|19617|2003-01-28|https://www.sec.gov/Archives/edgar/data/19617/000001961703000045/hil157.htm
J P MORGAN CHASE & CO|19617|2003-01-28|https://www.sec.gov/Archives/edgar/data/19617/000001961703000046/lay158.htm
J P MORGAN CHASE & CO|19617|2003-01-28|https://www.sec.gov/Archives/edgar/data/19617/000001961703000047/mcc153.htm
J P MORGAN CHASE & CO|19617|2003-01-28|https://www.sec.gov/Archives/edgar/data/19617/000001961703000048/scl159.htm
J P MORGAN CHASE & CO|19617|2003-01-28|https://www.sec.gov/Archives/edgar/data/19617/000001961703000049/wal160.htm
J P MORGAN CHASE & CO|19617|2003-01-28|https://www.sec.gov/Archives/edgar/data/19617/000001961703000050/wil162.htm
J P MORGAN CHASE & CO|19617|2003-01-28|https://www.sec.gov/Archives/edgar/data/19617/000001961703000051/ham155.htm
J P MORGAN CHASE & CO|19617|2003-01-28|https://www.sec.gov/Archives/edgar/data/19617/000095012303000680/y82954e4.htm
J P MORGAN CHASE & CO|19617|2003-02-14|https://www.sec.gov/Archives/edgar/data/19617/000001961703000237/dub197.htm
J P MORGAN CHASE & CO|19617|2003-02-13|https://www.sec.gov/Archives/edgar/data/19617/000001961703000234/sha191.htm
J P MORGAN CHASE & CO|19617|2003-02-14|https://www.sec.gov/Archives/edgar/data/19617/000001961703000238/cou195.htm
J P MORGAN CHASE & CO|19617|2003-02-14|https://www.sec.gov/Archives/edgar/data/19617/000001961703000239/bla194.htm
J P MORGAN CHASE & CO|19617|2003-02-14|https://www.sec.gov/Archives/edgar/data/19617/000001961703000240/win207.htm
J P MORGAN CHASE & CO|19617|2003-02-14|https://www.sec.gov/Archives/edgar/data/19617/000001961703000241/har199.htm
J P MORGAN CHASE & CO|19617|2003-02-14|https://www.sec.gov/Archives/edgar/data/19617/000001961703000243/ket206.htm
J P MORGAN CHASE & CO|19617|2003-02-14|https://www.sec.gov/Archives/edgar/data/19617/000001961703000242/hil200.htm
J P MORGAN CHASE & CO|19617|2003-02-14|https://www.sec.gov/Archives/edgar/data/19617/000001961703000244/lay205.htm
J P MORGAN CHASE & CO|19617|2003-02-14|https://www.sec.gov/Archives/edgar/data/19617/000001961703000245/mcc202.htm
J P MORGAN CHASE & CO|19617|2003-02-14|https://www.sec.gov/Archives/edgar/data/19617/000001961703000248/sha192.htm
J P MORGAN CHASE & CO|19617|2003-02-14|https://www.sec.gov/Archives/edgar/data/19617/000001961703000249/sta208.htm
J P MORGAN CHASE & CO|19617|2003-02-14|https://www.sec.gov/Archives/edgar/data/19617/000001961703000246/mcd201.htm
J P MORGAN CHASE & CO|19617|2003-02-14|https://www.sec.gov/Archives/edgar/data/19617/000001961703000247/scl203.htm
J P MORGAN CHASE & CO|19617|2003-02-14|https://www.sec.gov/Archives/edgar/data/19617/000001961703000250/wal209.htm
J P MORGAN CHASE & CO|19617|2003-02-14|https://www.sec.gov/Archives/edgar/data/19617/000001961703000251/dan196.htm
J P MORGAN CHASE & CO|19617|2003-02-14|https://www.sec.gov/Archives/edgar/data/19617/000001961703000252/wil204.htm
J P MORGAN CHASE & CO|19617|2003-02-14|https://www.sec.gov/Archives/edgar/data/19617/000001961703000253/far198.htm
J P MORGAN CHASE & CO|19617|2003-02-14|https://www.sec.gov/Archives/edgar/data/19617/000001961703000254/war184.htm
J P MORGAN CHASE & CO|19617|2003-02-14|https://www.sec.gov/Archives/edgar/data/19617/000001961703000256/ben175.htm
J P MORGAN CHASE & CO|19617|2003-02-14|https://www.sec.gov/Archives/edgar/data/19617/000001961703000257/bos176.htm
J P MORGAN CHASE & CO|19617|2003-02-14|https://www.sec.gov/Archives/edgar/data/19617/000001961703000261/gra180.htm
J P MORGAN CHASE & CO|19617|2003-02-14|https://www.sec.gov/Archives/edgar/data/19617/000001961703000259/ful178.htm
J P MORGAN CHASE & CO|19617|2003-02-14|https://www.sec.gov/Archives/edgar/data/19617/000001961703000262/kap181.htm
J P MORGAN CHASE & CO|19617|2003-02-14|https://www.sec.gov/Archives/edgar/data/19617/000001961703000260/fut179.htm
J P MORGAN CHASE & CO|19617|2003-02-14|https://www.sec.gov/Archives/edgar/data/19617/000001961703000263/ray182.htm
J P MORGAN CHASE & CO|19617|2003-02-14|https://www.sec.gov/Archives/edgar/data/19617/000001961703000264/sta183.htm
J P MORGAN CHASE & CO|19617|2003-02-14|https://www.sec.gov/Archives/edgar/data/19617/000001961703000265/bec186.htm
J P MORGAN CHASE & CO|19617|2003-02-14|https://www.sec.gov/Archives/edgar/data/19617/000001961703000266/bec187.htm
J P MORGAN CHASE & CO|19617|2003-02-14|https://www.sec.gov/Archives/edgar/data/19617/000118755203000002/bur177.htm
JOHNSON & JOHNSON|200406|2003-01-03|https://www.sec.gov/Archives/edgar/data/200406/000118899903000002/edgar.htm
JOHNSON & JOHNSON|200406|2003-01-03|https://www.sec.gov/Archives/edgar/data/200406/000118900503000002/edgar.htm
JOHNSON & JOHNSON|200406|2003-01-03|https://www.sec.gov/Archives/edgar/data/200406/000118900903000002/edgar.htm
JOHNSON & JOHNSON|200406|2003-01-03|https://www.sec.gov/Archives/edgar/data/200406/000118900003000002/edgar.htm
JOHNSON & JOHNSON|200406|2003-01-03|https://www.sec.gov/Archives/edgar/data/200406/000118900803000002/edgar.htm
JOHNSON & JOHNSON|200406|2003-01-03|https://www.sec.gov/Archives/edgar/data/200406/000118902203000002/edgar.htm
JOHNSON & JOHNSON|200406|2003-02-04|https://www.sec.gov/Archives/edgar/data/200406/000118900803000004/edgar.htm
JOHNSON & JOHNSON|200406|2003-02-04|https://www.sec.gov/Archives/edgar/data/200406/000118900003000004/edgar.htm
JOHNSON & JOHNSON|200406|2003-02-05|https://www.sec.gov/Archives/edgar/data/200406/000101708003000003/edgar.htm
JOHNSON & JOHNSON|200406|2003-02-07|https://www.sec.gov/Archives/edgar/data/200406/000118901903000002/edgar.htm
JOHNSON & JOHNSON|200406|2003-02-11|https://www.sec.gov/Archives/edgar/data/200406/000118400903000001/edgar.htm
JOHNSON & JOHNSON|200406|2003-02-11|https://www.sec.gov/Archives/edgar/data/200406/000118899603000001/edgar.htm
JOHNSON & JOHNSON|200406|2003-02-11|https://www.sec.gov/Archives/edgar/data/200406/000118900703000002/edgar.htm
JOHNSON & JOHNSON|200406|2003-02-11|https://www.sec.gov/Archives/edgar/data/200406/000118901603000001/edgar.htm
JOHNSON & JOHNSON|200406|2003-02-11|https://www.sec.gov/Archives/edgar/data/200406/000114263003000002/edgar.htm
JOHNSON & JOHNSON|200406|2003-02-11|https://www.sec.gov/Archives/edgar/data/200406/000118901803000001/edgar.htm
JOHNSON & JOHNSON|200406|2003-02-11|https://www.sec.gov/Archives/edgar/data/200406/000119220503000001/edgar.htm
JOHNSON & JOHNSON|200406|2003-02-11|https://www.sec.gov/Archives/edgar/data/200406/000118901903000003/edgar.htm
JOHNSON & JOHNSON|200406|2003-02-11|https://www.sec.gov/Archives/edgar/data/200406/000119886403000001/edgar.htm
JOHNSON & JOHNSON|200406|2003-02-12|https://www.sec.gov/Archives/edgar/data/200406/000118899803000001/edgar.htm
JOHNSON & JOHNSON|200406|2003-02-12|https://www.sec.gov/Archives/edgar/data/200406/000118899903000003/edgar.htm
JOHNSON & JOHNSON|200406|2003-02-12|https://www.sec.gov/Archives/edgar/data/200406/000118900203000001/edgar.htm
JOHNSON & JOHNSON|200406|2003-02-12|https://www.sec.gov/Archives/edgar/data/200406/000118900003000005/edgar.htm
JOHNSON & JOHNSON|200406|2003-02-12|https://www.sec.gov/Archives/edgar/data/200406/000118900503000003/edgar.htm
JOHNSON & JOHNSON|200406|2003-02-12|https://www.sec.gov/Archives/edgar/data/200406/000118900803000005/edgar.htm
JOHNSON & JOHNSON|200406|2003-02-12|https://www.sec.gov/Archives/edgar/data/200406/000118900903000003/edgar.htm
JOHNSON & JOHNSON|200406|2003-02-12|https://www.sec.gov/Archives/edgar/data/200406/000118901003000001/edgar.htm
JOHNSON & JOHNSON|200406|2003-02-12|https://www.sec.gov/Archives/edgar/data/200406/000118901203000001/edgar.htm
JOHNSON & JOHNSON|200406|2003-02-12|https://www.sec.gov/Archives/edgar/data/200406/000118901403000001/edgar.htm
JOHNSON & JOHNSON|200406|2003-02-12|https://www.sec.gov/Archives/edgar/data/200406/000118902203000003/edgar.htm
JOHNSON & JOHNSON|200406|2003-02-12|https://www.sec.gov/Archives/edgar/data/200406/000119220303000001/edgar.htm
JOHNSON & JOHNSON|200406|2003-02-24|https://www.sec.gov/Archives/edgar/data/200406/000118902203000005/edgar.htm
JOHNSON & JOHNSON|200406|2003-02-12|https://www.sec.gov/Archives/edgar/data/200406/000119220603000001/edgar.htm
JOHNSON & JOHNSON|200406|2003-03-12|https://www.sec.gov/Archives/edgar/data/200406/000114263003000003/edgar.htm
JOHNSON & JOHNSON|200406|2003-03-12|https://www.sec.gov/Archives/edgar/data/200406/000118400903000002/edgar.htm
JOHNSON & JOHNSON|200406|2003-02-20|https://www.sec.gov/Archives/edgar/data/200406/000118902203000004/edgar.htm
JOHNSON & JOHNSON|200406|2003-02-13|https://www.sec.gov/Archives/edgar/data/200406/000118901603000002/edgar.htm
JOHNSON & JOHNSON|200406|2003-03-12|https://www.sec.gov/Archives/edgar/data/200406/000118899603000002/edgar.htm
JOHNSON & JOHNSON|200406|2003-03-12|https://www.sec.gov/Archives/edgar/data/200406/000118901603000003/edgar.htm
JOHNSON & JOHNSON|200406|2003-03-12|https://www.sec.gov/Archives/edgar/data/200406/000118900703000003/edgar.htm
JOHNSON & JOHNSON|200406|2003-03-12|https://www.sec.gov/Archives/edgar/data/200406/000118901803000002/edgar.htm
JOHNSON & JOHNSON|200406|2003-03-12|https://www.sec.gov/Archives/edgar/data/200406/000119220303000002/edgar.htm
JOHNSON & JOHNSON|200406|2003-03-12|https://www.sec.gov/Archives/edgar/data/200406/000119220503000002/edgar.htm
JOHNSON & JOHNSON|200406|2003-03-12|https://www.sec.gov/Archives/edgar/data/200406/000119886403000002/edgar.htm
MICROSOFT CORP|789019|2003-01-07|https://www.sec.gov/Archives/edgar/data/789019/000119310903000002/edgar.htm
MICROSOFT CORP|789019|2003-01-03|https://www.sec.gov/Archives/edgar/data/789019/000119311703000001/edgar.htm
MICROSOFT CORP|789019|2003-01-07|https://www.sec.gov/Archives/edgar/data/789019/000119311003000001/edgar.htm
MICROSOFT CORP|789019|2003-01-07|https://www.sec.gov/Archives/edgar/data/789019/000105482203000001/edgar.htm
MICROSOFT CORP|789019|2003-01-07|https://www.sec.gov/Archives/edgar/data/789019/000119311703000002/edgar.htm
MICROSOFT CORP|789019|2003-01-14|https://www.sec.gov/Archives/edgar/data/789019/000119311803000001/edgar.htm
MICROSOFT CORP|789019|2003-01-21|https://www.sec.gov/Archives/edgar/data/789019/000105482203000002/edgar.htm
MICROSOFT CORP|789019|2003-01-21|https://www.sec.gov/Archives/edgar/data/789019/000119311703000003/edgar.htm
MICROSOFT CORP|789019|2003-01-21|https://www.sec.gov/Archives/edgar/data/789019/000119311003000002/edgar.htm
MICROSOFT CORP|789019|2003-02-05|https://www.sec.gov/Archives/edgar/data/789019/000104746903004137/a2102453z4.htm
MICROSOFT CORP|789019|2003-02-07|https://www.sec.gov/Archives/edgar/data/789019/000110465903001197/j7038_4.htm
MICROSOFT CORP|789019|2003-02-14|https://www.sec.gov/Archives/edgar/data/789019/000118117603000001/edgar.htm
MICROSOFT CORP|789019|2003-02-14|https://www.sec.gov/Archives/edgar/data/789019/000101739103000001/edgar.htm
MICROSOFT CORP|789019|2003-02-14|https://www.sec.gov/Archives/edgar/data/789019/000118837203000001/edgar.htm
MICROSOFT CORP|789019|2003-02-14|https://www.sec.gov/Archives/edgar/data/789019/000119310903000003/edgar.htm
MICROSOFT CORP|789019|2003-02-14|https://www.sec.gov/Archives/edgar/data/789019/000119311403000001/edgar.htm
MICROSOFT CORP|789019|2003-02-14|https://www.sec.gov/Archives/edgar/data/789019/000119311703000004/edgar.htm
MICROSOFT CORP|789019|2003-02-18|https://www.sec.gov/Archives/edgar/data/789019/000119309603000001/edgar.htm
MICROSOFT CORP|789019|2003-02-20|https://www.sec.gov/Archives/edgar/data/789019/000110465903002853/j7746_4.htm
MICROSOFT CORP|789019|2003-02-21|https://www.sec.gov/Archives/edgar/data/789019/000110465903002906/j7787_4.htm
MICROSOFT CORP|789019|2003-02-27|https://www.sec.gov/Archives/edgar/data/789019/000110465903003167/j7916_4.htm
MICROSOFT CORP|789019|2003-02-26|https://www.sec.gov/Archives/edgar/data/789019/000110465903003089/j7873_4.htm
MICROSOFT CORP|789019|2003-02-24|https://www.sec.gov/Archives/edgar/data/789019/000110465903002956/j7827_4.htm
MICROSOFT CORP|789019|2003-02-27|https://www.sec.gov/Archives/edgar/data/789019/000119310703000001/edgar.htm
MICROSOFT CORP|789019|2003-02-27|https://www.sec.gov/Archives/edgar/data/789019/000119311303000001/edgar.htm
MICROSOFT CORP|789019|2003-02-28|https://www.sec.gov/Archives/edgar/data/789019/000119311103000001/edgar.htm
MICROSOFT CORP|789019|2003-03-03|https://www.sec.gov/Archives/edgar/data/789019/000110465903003365/j8060_4.htm
MICROSOFT CORP|789019|2003-03-03|https://www.sec.gov/Archives/edgar/data/789019/000119311703000005/edgar.htm
MICROSOFT CORP|789019|2003-03-04|https://www.sec.gov/Archives/edgar/data/789019/000110465903003489/j8063_4.htm
MICROSOFT CORP|789019|2003-03-05|https://www.sec.gov/Archives/edgar/data/789019/000110465903003593/j8112_4.htm
MICROSOFT CORP|789019|2003-03-06|https://www.sec.gov/Archives/edgar/data/789019/000119310703000002/edgar.htm
MICROSOFT CORP|789019|2003-03-06|https://www.sec.gov/Archives/edgar/data/789019/000110465903003692/j8154_4.htm
MICROSOFT CORP|789019|2003-03-06|https://www.sec.gov/Archives/edgar/data/789019/000119311703000007/edgar.htm
MICROSOFT CORP|789019|2003-03-06|https://www.sec.gov/Archives/edgar/data/789019/000119312603000001/edgar.htm
MICROSOFT CORP|789019|2003-03-07|https://www.sec.gov/Archives/edgar/data/789019/000110465903003803/j8217_4.htm
MICROSOFT CORP|789019|2003-03-07|https://www.sec.gov/Archives/edgar/data/789019/000119310703000003/edgar.htm
MICROSOFT CORP|789019|2003-03-07|https://www.sec.gov/Archives/edgar/data/789019/000119311703000008/edgar.htm
MICROSOFT CORP|789019|2003-03-18|https://www.sec.gov/Archives/edgar/data/789019/000119310903000004/edgar.htm
MICROSOFT CORP|789019|2003-03-21|https://www.sec.gov/Archives/edgar/data/789019/000119311703000009/edgar.htm
UNITEDHEALTH GROUP INC|731766|2003-02-07|https://www.sec.gov/Archives/edgar/data/731766/000095013403001852/c74607e4.htm
UNITEDHEALTH GROUP INC|731766|2003-02-12|https://www.sec.gov/Archives/edgar/data/731766/000095013403002260/c74672ce4.htm
UNITEDHEALTH GROUP INC|731766|2003-02-13|https://www.sec.gov/Archives/edgar/data/731766/000095013403002337/c74672ge4.htm
UNITEDHEALTH GROUP INC|731766|2003-02-13|https://www.sec.gov/Archives/edgar/data/731766/000095013403002338/c74672ae4.htm
UNITEDHEALTH GROUP INC|731766|2003-02-13|https://www.sec.gov/Archives/edgar/data/731766/000095013403002340/c74672fe4.htm
UNITEDHEALTH GROUP INC|731766|2003-02-13|https://www.sec.gov/Archives/edgar/data/731766/000095013403002341/c74672de4.htm
UNITEDHEALTH GROUP INC|731766|2003-02-13|https://www.sec.gov/Archives/edgar/data/731766/000095013403002342/c74672be4.htm
UNITEDHEALTH GROUP INC|731766|2003-02-13|https://www.sec.gov/Archives/edgar/data/731766/000095013403002344/c74672ee4.htm
UNITEDHEALTH GROUP INC|731766|2003-02-14|https://www.sec.gov/Archives/edgar/data/731766/000095013403002626/c74672ie4.htm
UNITEDHEALTH GROUP INC|731766|2003-02-14|https://www.sec.gov/Archives/edgar/data/731766/000095013403002627/c74672je4.htm
UNITEDHEALTH GROUP INC|731766|2003-02-14|https://www.sec.gov/Archives/edgar/data/731766/000095013403002628/c74672ke4.htm
UNITEDHEALTH GROUP INC|731766|2003-02-14|https://www.sec.gov/Archives/edgar/data/731766/000095013403002634/c74672le4.htm
UNITEDHEALTH GROUP INC|731766|2003-02-14|https://www.sec.gov/Archives/edgar/data/731766/000095013403002635/c74672me4.htm
UNITEDHEALTH GROUP INC|731766|2003-02-14|https://www.sec.gov/Archives/edgar/data/731766/000095013403002636/c74672ne4.htm
UNITEDHEALTH GROUP INC|731766|2003-02-14|https://www.sec.gov/Archives/edgar/data/731766/000095013403002642/c74672oe4.htm
UNITEDHEALTH GROUP INC|731766|2003-02-14|https://www.sec.gov/Archives/edgar/data/731766/000095013403002645/c74672he4.htm
UNITEDHEALTH GROUP INC|731766|2003-02-24|https://www.sec.gov/Archives/edgar/data/731766/000095013403002968/c74672qe4.htm
UNITEDHEALTH GROUP INC|731766|2003-03-10|https://www.sec.gov/Archives/edgar/data/731766/000095013403003623/c75332e4.htm
UNITEDHEALTH GROUP INC|731766|2003-02-18|https://www.sec.gov/Archives/edgar/data/731766/000095013403002728/c74672pe4.htm
UNITEDHEALTH GROUP INC|731766|2003-03-14|https://www.sec.gov/Archives/edgar/data/731766/000095013403003960/c75332ae4.htm
UNITEDHEALTH GROUP INC|731766|2003-03-14|https://www.sec.gov/Archives/edgar/data/731766/000095013403003961/c75332be4.htm
UNITEDHEALTH GROUP INC|731766|2003-03-20|https://www.sec.gov/Archives/edgar/data/731766/000095013403004231/c75332ce4.htm
UNITEDHEALTH GROUP INC|731766|2003-03-20|https://www.sec.gov/Archives/edgar/data/731766/000095013403004232/c75332de4.htm
UNITEDHEALTH GROUP INC|731766|2003-03-31|https://www.sec.gov/Archives/edgar/data/731766/000095013403004949/c75332pe4.htm
VERIZON COMMUNICATIONS INC|732712|2003-01-02|https://www.sec.gov/Archives/edgar/data/732712/000120147903000001/edgar.htm
VERIZON COMMUNICATIONS INC|732712|2003-01-06|https://www.sec.gov/Archives/edgar/data/732712/000120147903000002/edgar.htm
VERIZON COMMUNICATIONS INC|732712|2003-01-06|https://www.sec.gov/Archives/edgar/data/732712/000120147903000003/edgar.htm
VERIZON COMMUNICATIONS INC|732712|2003-01-06|https://www.sec.gov/Archives/edgar/data/732712/000120147903000004/edgar.htm
VERIZON COMMUNICATIONS INC|732712|2003-01-06|https://www.sec.gov/Archives/edgar/data/732712/000120147903000005/edgar.htm
VERIZON COMMUNICATIONS INC|732712|2003-01-06|https://www.sec.gov/Archives/edgar/data/732712/000120147903000006/edgar.htm
VERIZON COMMUNICATIONS INC|732712|2003-01-06|https://www.sec.gov/Archives/edgar/data/732712/000120147903000008/edgar.htm
VERIZON COMMUNICATIONS INC|732712|2003-01-06|https://www.sec.gov/Archives/edgar/data/732712/000120147903000007/edgar.htm
VERIZON COMMUNICATIONS INC|732712|2003-01-06|https://www.sec.gov/Archives/edgar/data/732712/000120147903000009/edgar.htm
VERIZON COMMUNICATIONS INC|732712|2003-01-07|https://www.sec.gov/Archives/edgar/data/732712/000120147903000010/edgar.htm
VERIZON COMMUNICATIONS INC|732712|2003-01-07|https://www.sec.gov/Archives/edgar/data/732712/000120147903000011/edgar.htm
VERIZON COMMUNICATIONS INC|732712|2003-01-07|https://www.sec.gov/Archives/edgar/data/732712/000120147903000012/edgar.htm
VERIZON COMMUNICATIONS INC|732712|2003-01-07|https://www.sec.gov/Archives/edgar/data/732712/000120147903000014/edgar.htm
VERIZON COMMUNICATIONS INC|732712|2003-01-07|https://www.sec.gov/Archives/edgar/data/732712/000120147903000013/edgar.htm
VERIZON COMMUNICATIONS INC|732712|2003-01-07|https://www.sec.gov/Archives/edgar/data/732712/000120147903000015/edgar.htm
VERIZON COMMUNICATIONS INC|732712|2003-01-07|https://www.sec.gov/Archives/edgar/data/732712/000120147903000016/edgar.htm
VERIZON COMMUNICATIONS INC|732712|2003-01-07|https://www.sec.gov/Archives/edgar/data/732712/000120147903000017/edgar.htm
VERIZON COMMUNICATIONS INC|732712|2003-01-13|https://www.sec.gov/Archives/edgar/data/732712/000120147903000018/edgar.htm
VERIZON COMMUNICATIONS INC|732712|2003-01-16|https://www.sec.gov/Archives/edgar/data/732712/000120147903000019/edgar.htm
VERIZON COMMUNICATIONS INC|732712|2003-01-22|https://www.sec.gov/Archives/edgar/data/732712/000120147903000020/edgar.htm
VERIZON COMMUNICATIONS INC|732712|2003-01-22|https://www.sec.gov/Archives/edgar/data/732712/000120147903000021/edgar.htm
VERIZON COMMUNICATIONS INC|732712|2003-01-22|https://www.sec.gov/Archives/edgar/data/732712/000120147903000022/edgar.htm
VERIZON COMMUNICATIONS INC|732712|2003-01-22|https://www.sec.gov/Archives/edgar/data/732712/000120147903000024/edgar.htm
VERIZON COMMUNICATIONS INC|732712|2003-01-22|https://www.sec.gov/Archives/edgar/data/732712/000120147903000023/edgar.htm
VERIZON COMMUNICATIONS INC|732712|2003-01-22|https://www.sec.gov/Archives/edgar/data/732712/000120147903000025/edgar.htm
VERIZON COMMUNICATIONS INC|732712|2003-01-22|https://www.sec.gov/Archives/edgar/data/732712/000120147903000026/edgar.htm
VERIZON COMMUNICATIONS INC|732712|2003-02-04|https://www.sec.gov/Archives/edgar/data/732712/000120147903000028/edgar.htm
VERIZON COMMUNICATIONS INC|732712|2003-01-22|https://www.sec.gov/Archives/edgar/data/732712/000120147903000027/edgar.htm
VERIZON COMMUNICATIONS INC|732712|2003-02-04|https://www.sec.gov/Archives/edgar/data/732712/000120147903000029/edgar.htm
VERIZON COMMUNICATIONS INC|732712|2003-02-04|https://www.sec.gov/Archives/edgar/data/732712/000120147903000030/edgar.htm
VERIZON COMMUNICATIONS INC|732712|2003-02-04|https://www.sec.gov/Archives/edgar/data/732712/000120147903000031/edgar.htm
VERIZON COMMUNICATIONS INC|732712|2003-02-04|https://www.sec.gov/Archives/edgar/data/732712/000120147903000032/edgar.htm
VERIZON COMMUNICATIONS INC|732712|2003-02-04|https://www.sec.gov/Archives/edgar/data/732712/000120147903000033/edgar.htm
VERIZON COMMUNICATIONS INC|732712|2003-02-04|https://www.sec.gov/Archives/edgar/data/732712/000120147903000034/edgar.htm
VERIZON COMMUNICATIONS INC|732712|2003-02-04|https://www.sec.gov/Archives/edgar/data/732712/000120147903000035/edgar.htm
VERIZON COMMUNICATIONS INC|732712|2003-02-04|https://www.sec.gov/Archives/edgar/data/732712/000120147903000036/edgar.htm
VERIZON COMMUNICATIONS INC|732712|2003-02-04|https://www.sec.gov/Archives/edgar/data/732712/000120147903000037/edgar.htm
VERIZON COMMUNICATIONS INC|732712|2003-02-05|https://www.sec.gov/Archives/edgar/data/732712/000120147903000038/edgar.htm
VERIZON COMMUNICATIONS INC|732712|2003-02-05|https://www.sec.gov/Archives/edgar/data/732712/000120147903000039/edgar.htm
VERIZON COMMUNICATIONS INC|732712|2003-02-05|https://www.sec.gov/Archives/edgar/data/732712/000120147903000040/edgar.htm
VERIZON COMMUNICATIONS INC|732712|2003-02-05|https://www.sec.gov/Archives/edgar/data/732712/000120147903000041/edgar.htm
VERIZON COMMUNICATIONS INC|732712|2003-02-05|https://www.sec.gov/Archives/edgar/data/732712/000120147903000042/edgar.htm
VERIZON COMMUNICATIONS INC|732712|2003-02-05|https://www.sec.gov/Archives/edgar/data/732712/000120147903000044/edgar.htm
VERIZON COMMUNICATIONS INC|732712|2003-02-05|https://www.sec.gov/Archives/edgar/data/732712/000120147903000046/edgar.htm
VERIZON COMMUNICATIONS INC|732712|2003-02-05|https://www.sec.gov/Archives/edgar/data/732712/000120147903000043/edgar.htm
VERIZON COMMUNICATIONS INC|732712|2003-02-05|https://www.sec.gov/Archives/edgar/data/732712/000120147903000045/edgar.htm
VERIZON COMMUNICATIONS INC|732712|2003-02-05|https://www.sec.gov/Archives/edgar/data/732712/000120147903000048/edgar.htm
VERIZON COMMUNICATIONS INC|732712|2003-02-05|https://www.sec.gov/Archives/edgar/data/732712/000120147903000047/edgar.htm
VERIZON COMMUNICATIONS INC|732712|2003-02-05|https://www.sec.gov/Archives/edgar/data/732712/000120147903000049/edgar.htm
VERIZON COMMUNICATIONS INC|732712|2003-02-05|https://www.sec.gov/Archives/edgar/data/732712/000120147903000050/edgar.htm
VERIZON COMMUNICATIONS INC|732712|2003-02-05|https://www.sec.gov/Archives/edgar/data/732712/000120147903000051/edgar.htm
VERIZON COMMUNICATIONS INC|732712|2003-02-05|https://www.sec.gov/Archives/edgar/data/732712/000120147903000052/edgar.htm
VERIZON COMMUNICATIONS INC|732712|2003-02-05|https://www.sec.gov/Archives/edgar/data/732712/000120147903000053/edgar.htm
VERIZON COMMUNICATIONS INC|732712|2003-02-05|https://www.sec.gov/Archives/edgar/data/732712/000120147903000054/edgar.htm
VERIZON COMMUNICATIONS INC|732712|2003-02-05|https://www.sec.gov/Archives/edgar/data/732712/000120147903000055/edgar.htm
VERIZON COMMUNICATIONS INC|732712|2003-02-05|https://www.sec.gov/Archives/edgar/data/732712/000120147903000056/edgar.htm
VERIZON COMMUNICATIONS INC|732712|2003-02-05|https://www.sec.gov/Archives/edgar/data/732712/000120147903000057/edgar.htm
VERIZON COMMUNICATIONS INC|732712|2003-02-05|https://www.sec.gov/Archives/edgar/data/732712/000120147903000058/edgar.htm
VERIZON COMMUNICATIONS INC|732712|2003-02-05|https://www.sec.gov/Archives/edgar/data/732712/000120147903000059/edgar.htm
VERIZON COMMUNICATIONS INC|732712|2003-02-05|https://www.sec.gov/Archives/edgar/data/732712/000120147903000060/edgar.htm
VERIZON COMMUNICATIONS INC|732712|2003-02-13|https://www.sec.gov/Archives/edgar/data/732712/000120147903000061/edgar.htm
VERIZON COMMUNICATIONS INC|732712|2003-02-19|https://www.sec.gov/Archives/edgar/data/732712/000120147903000091/edgar.htm
VERIZON COMMUNICATIONS INC|732712|2003-02-19|https://www.sec.gov/Archives/edgar/data/732712/000120147903000092/edgar.htm
VERIZON COMMUNICATIONS INC|732712|2003-02-19|https://www.sec.gov/Archives/edgar/data/732712/000120147903000094/edgar.htm
VERIZON COMMUNICATIONS INC|732712|2003-02-19|https://www.sec.gov/Archives/edgar/data/732712/000120147903000093/edgar.htm
VERIZON COMMUNICATIONS INC|732712|2003-02-19|https://www.sec.gov/Archives/edgar/data/732712/000120147903000095/edgar.htm
VERIZON COMMUNICATIONS INC|732712|2003-02-19|https://www.sec.gov/Archives/edgar/data/732712/000120147903000096/edgar.htm
VERIZON COMMUNICATIONS INC|732712|2003-02-19|https://www.sec.gov/Archives/edgar/data/732712/000120147903000097/edgar.htm
VERIZON COMMUNICATIONS INC|732712|2003-02-19|https://www.sec.gov/Archives/edgar/data/732712/000120147903000098/edgar.htm
VERIZON COMMUNICATIONS INC|732712|2003-02-19|https://www.sec.gov/Archives/edgar/data/732712/000120147903000099/edgar.htm
VERIZON COMMUNICATIONS INC|732712|2003-03-04|https://www.sec.gov/Archives/edgar/data/732712/000120147903000101/edgar.htm
VERIZON COMMUNICATIONS INC|732712|2003-02-19|https://www.sec.gov/Archives/edgar/data/732712/000120147903000100/edgar.htm
VERIZON COMMUNICATIONS INC|732712|2003-03-04|https://www.sec.gov/Archives/edgar/data/732712/000120147903000102/edgar.htm
VERIZON COMMUNICATIONS INC|732712|2003-03-04|https://www.sec.gov/Archives/edgar/data/732712/000120147903000104/edgar.htm
VERIZON COMMUNICATIONS INC|732712|2003-03-04|https://www.sec.gov/Archives/edgar/data/732712/000120147903000103/edgar.htm
VERIZON COMMUNICATIONS INC|732712|2003-03-04|https://www.sec.gov/Archives/edgar/data/732712/000120147903000105/edgar.htm
VERIZON COMMUNICATIONS INC|732712|2003-03-04|https://www.sec.gov/Archives/edgar/data/732712/000120147903000107/edgar.htm
VERIZON COMMUNICATIONS INC|732712|2003-03-04|https://www.sec.gov/Archives/edgar/data/732712/000120147903000106/edgar.htm
VERIZON COMMUNICATIONS INC|732712|2003-03-04|https://www.sec.gov/Archives/edgar/data/732712/000120147903000108/edgar.htm
VERIZON COMMUNICATIONS INC|732712|2003-03-04|https://www.sec.gov/Archives/edgar/data/732712/000120147903000109/edgar.htm
VERIZON COMMUNICATIONS INC|732712|2003-03-18|https://www.sec.gov/Archives/edgar/data/732712/000120147903000111/edgar.htm
VERIZON COMMUNICATIONS INC|732712|2003-03-04|https://www.sec.gov/Archives/edgar/data/732712/000120147903000110/edgar.htm
VERIZON COMMUNICATIONS INC|732712|2003-03-18|https://www.sec.gov/Archives/edgar/data/732712/000120147903000112/edgar.htm
VERIZON COMMUNICATIONS INC|732712|2003-03-18|https://www.sec.gov/Archives/edgar/data/732712/000120147903000114/edgar.htm
VERIZON COMMUNICATIONS INC|732712|2003-03-18|https://www.sec.gov/Archives/edgar/data/732712/000120147903000113/edgar.htm
VERIZON COMMUNICATIONS INC|732712|2003-03-18|https://www.sec.gov/Archives/edgar/data/732712/000120147903000115/edgar.htm
VERIZON COMMUNICATIONS INC|732712|2003-03-18|https://www.sec.gov/Archives/edgar/data/732712/000120147903000116/edgar.htm
VERIZON COMMUNICATIONS INC|732712|2003-03-18|https://www.sec.gov/Archives/edgar/data/732712/000120147903000117/edgar.htm
VERIZON COMMUNICATIONS INC|732712|2003-03-18|https://www.sec.gov/Archives/edgar/data/732712/000120147903000118/edgar.htm
VERIZON COMMUNICATIONS INC|732712|2003-03-18|https://www.sec.gov/Archives/edgar/data/732712/000120147903000119/edgar.htm
VERIZON COMMUNICATIONS INC|732712|2003-03-18|https://www.sec.gov/Archives/edgar/data/732712/000120147903000120/edgar.htm
AMGEN INC|318154|2002-11-05|https://www.sec.gov/Archives/edgar/data/318154/000118143102001703/rrd1749.htm
AMGEN INC|318154|2002-11-27|https://www.sec.gov/Archives/edgar/data/318154/000118143102002383/rrd2282.htm
AMGEN INC|318154|2002-12-12|https://www.sec.gov/Archives/edgar/data/318154/000118143102002904/rrd2622.htm
AMGEN INC|318154|2002-12-11|https://www.sec.gov/Archives/edgar/data/318154/000118143102002806/rrd2557.htm
AMGEN INC|318154|2002-12-17|https://www.sec.gov/Archives/edgar/data/318154/000118143102003110/rrd2788.htm
AMGEN INC|318154|2002-12-16|https://www.sec.gov/Archives/edgar/data/318154/000118143102003019/rrd2690.htm
AMGEN INC|318154|2002-12-18|https://www.sec.gov/Archives/edgar/data/318154/000118143102003141/rrd2812.htm
AMGEN INC|318154|2002-12-17|https://www.sec.gov/Archives/edgar/data/318154/000118143102003119/rrd2792.htm
AMGEN INC|318154|2002-12-18|https://www.sec.gov/Archives/edgar/data/318154/000118143102003162/rrd2813.htm
AMGEN INC|318154|2002-12-17|https://www.sec.gov/Archives/edgar/data/318154/000118143102003133/rrd2799.htm
AMGEN INC|318154|2002-12-18|https://www.sec.gov/Archives/edgar/data/318154/000118143102003199/rrd2838.htm
AMGEN INC|318154|2002-12-23|https://www.sec.gov/Archives/edgar/data/318154/000118143102003351/rrd2934.htm
BOEING CO|12927|2002-10-03|https://www.sec.gov/Archives/edgar/data/12927/000089102002001427/big317.htm
AMGEN INC|318154|2002-12-23|https://www.sec.gov/Archives/edgar/data/318154/000118143102003391/rrd2954.htm
BOEING CO|12927|2002-10-03|https://www.sec.gov/Archives/edgar/data/12927/000089102002001429/bry318.htm
BOEING CO|12927|2002-10-03|https://www.sec.gov/Archives/edgar/data/12927/000089102002001431/dub319.htm
BOEING CO|12927|2002-10-03|https://www.sec.gov/Archives/edgar/data/12927/000089102002001435/mcd321.htm
BOEING CO|12927|2002-10-03|https://www.sec.gov/Archives/edgar/data/12927/000089102002001433/gra320.htm
AMGEN INC|318154|2002-12-30|https://www.sec.gov/Archives/edgar/data/318154/000118143102003509/rrd3059.htm
BOEING CO|12927|2002-10-03|https://www.sec.gov/Archives/edgar/data/12927/000089102002001437/mcn322.htm
BOEING CO|12927|2002-10-03|https://www.sec.gov/Archives/edgar/data/12927/000089102002001439/pla327.htm
BOEING CO|12927|2002-10-03|https://www.sec.gov/Archives/edgar/data/12927/000089102002001441/rid324.htm
BOEING CO|12927|2002-10-03|https://www.sec.gov/Archives/edgar/data/12927/000089102002001443/sha325.htm
BOEING CO|12927|2002-10-03|https://www.sec.gov/Archives/edgar/data/12927/000089102002001445/sto328.htm
BOEING CO|12927|2002-10-11|https://www.sec.gov/Archives/edgar/data/12927/000089102002001483/pla330.htm
BOEING CO|12927|2002-10-11|https://www.sec.gov/Archives/edgar/data/12927/000089102002001490/alb331.htm
BOEING CO|12927|2002-10-11|https://www.sec.gov/Archives/edgar/data/12927/000089102002001494/swa334.htm
BOEING CO|12927|2002-10-22|https://www.sec.gov/Archives/edgar/data/12927/000089102002001538/sea336.htm
BOEING CO|12927|2002-10-11|https://www.sec.gov/Archives/edgar/data/12927/000089102002001493/soo333.htm
BOEING CO|12927|2002-10-11|https://www.sec.gov/Archives/edgar/data/12927/000089102002001491/pal332.htm
BOEING CO|12927|2002-10-25|https://www.sec.gov/Archives/edgar/data/12927/000089102002001549/alb337.htm
BOEING CO|12927|2002-10-25|https://www.sec.gov/Archives/edgar/data/12927/000089102002001550/pal338.htm
BOEING CO|12927|2002-10-25|https://www.sec.gov/Archives/edgar/data/12927/000089102002001551/soo339.htm
BOEING CO|12927|2002-10-22|https://www.sec.gov/Archives/edgar/data/12927/000089102002001539/alb335.htm
BOEING CO|12927|2002-11-01|https://www.sec.gov/Archives/edgar/data/12927/000089102002001578/car341.htm
BOEING CO|12927|2002-10-25|https://www.sec.gov/Archives/edgar/data/12927/000089102002001552/swa340.htm
BOEING CO|12927|2002-11-12|https://www.sec.gov/Archives/edgar/data/12927/000089102002001688/alb342.htm
BOEING CO|12927|2002-11-12|https://www.sec.gov/Archives/edgar/data/12927/000089102002001691/soo345.htm
BOEING CO|12927|2002-11-12|https://www.sec.gov/Archives/edgar/data/12927/000089102002001690/alb342.htm
BOEING CO|12927|2002-11-12|https://www.sec.gov/Archives/edgar/data/12927/000089102002001689/swa344.htm
BOEING CO|12927|2002-11-12|https://www.sec.gov/Archives/edgar/data/12927/000089102002001694/pal343.htm
BOEING CO|12927|2002-11-22|https://www.sec.gov/Archives/edgar/data/12927/000089102002001839/soo354.htm
BOEING CO|12927|2002-11-22|https://www.sec.gov/Archives/edgar/data/12927/000089102002001832/pal353.htm
BOEING CO|12927|2002-11-20|https://www.sec.gov/Archives/edgar/data/12927/000089102002001821/bai346.htm
BOEING CO|12927|2002-11-22|https://www.sec.gov/Archives/edgar/data/12927/000089102002001840/swa355.htm
BOEING CO|12927|2002-11-22|https://www.sec.gov/Archives/edgar/data/12927/000089102002001843/alb352.htm
BOEING CO|12927|2002-12-09|https://www.sec.gov/Archives/edgar/data/12927/000089102002001952/soo359.htm
BOEING CO|12927|2002-12-09|https://www.sec.gov/Archives/edgar/data/12927/000089102002001958/pal358.htm
BOEING CO|12927|2002-12-09|https://www.sec.gov/Archives/edgar/data/12927/000089102002001955/alb357.htm
BOEING CO|12927|2002-12-09|https://www.sec.gov/Archives/edgar/data/12927/000089102002001956/swa360.htm
BOEING CO|12927|2002-12-23|https://www.sec.gov/Archives/edgar/data/12927/000089102002002067/pal362.htm
BOEING CO|12927|2002-12-23|https://www.sec.gov/Archives/edgar/data/12927/000089102002002069/alb365.htm
BOEING CO|12927|2002-12-23|https://www.sec.gov/Archives/edgar/data/12927/000089102002002071/swa364.htm
BOEING CO|12927|2002-12-23|https://www.sec.gov/Archives/edgar/data/12927/000089102002002073/soo363.htm
CATERPILLAR INC|18230|2002-11-12|https://www.sec.gov/Archives/edgar/data/18230/000001823002000085/edgar.htm
CATERPILLAR INC|18230|2002-11-12|https://www.sec.gov/Archives/edgar/data/18230/000001823002000082/edgar.htm
CATERPILLAR INC|18230|2002-11-12|https://www.sec.gov/Archives/edgar/data/18230/000001823002000087/edgar.htm
CATERPILLAR INC|18230|2002-11-12|https://www.sec.gov/Archives/edgar/data/18230/000001823002000089/edgar.htm
CATERPILLAR INC|18230|2002-11-12|https://www.sec.gov/Archives/edgar/data/18230/000001823002000091/edgar.htm
CATERPILLAR INC|18230|2002-11-26|https://www.sec.gov/Archives/edgar/data/18230/000001823002000095/edgar.htm
CATERPILLAR INC|18230|2002-11-26|https://www.sec.gov/Archives/edgar/data/18230/000001823002000099/edgar.htm
CATERPILLAR INC|18230|2002-11-26|https://www.sec.gov/Archives/edgar/data/18230/000001823002000101/edgar.htm
CATERPILLAR INC|18230|2002-12-02|https://www.sec.gov/Archives/edgar/data/18230/000001823002000105/edgar.htm
CATERPILLAR INC|18230|2002-11-26|https://www.sec.gov/Archives/edgar/data/18230/000001823002000103/edgar.htm
CATERPILLAR INC|18230|2002-12-02|https://www.sec.gov/Archives/edgar/data/18230/000001823002000107/edgar.htm
CATERPILLAR INC|18230|2002-12-02|https://www.sec.gov/Archives/edgar/data/18230/000001823002000109/edgar.htm
CATERPILLAR INC|18230|2002-12-02|https://www.sec.gov/Archives/edgar/data/18230/000001823002000111/edgar.htm
CATERPILLAR INC|18230|2002-12-04|https://www.sec.gov/Archives/edgar/data/18230/000001823002000115/edgar.htm
CATERPILLAR INC|18230|2002-12-02|https://www.sec.gov/Archives/edgar/data/18230/000001823002000113/edgar.htm
CATERPILLAR INC|18230|2002-12-05|https://www.sec.gov/Archives/edgar/data/18230/000001823002000117/edgar.htm
CATERPILLAR INC|18230|2002-12-09|https://www.sec.gov/Archives/edgar/data/18230/000001823002000119/edgar.htm
CATERPILLAR INC|18230|2002-12-09|https://www.sec.gov/Archives/edgar/data/18230/000001823002000121/edgar.htm
CATERPILLAR INC|18230|2002-12-09|https://www.sec.gov/Archives/edgar/data/18230/000001823002000125/edgar.htm
CATERPILLAR INC|18230|2002-12-23|https://www.sec.gov/Archives/edgar/data/18230/000001823002000129/edgar.htm
CATERPILLAR INC|18230|2002-12-09|https://www.sec.gov/Archives/edgar/data/18230/000001823002000123/edgar.htm
COCA COLA CO|21344|2002-10-03|https://www.sec.gov/Archives/edgar/data/21344/000002134402000035/mch13.htm
COCA COLA CO|21344|2002-10-03|https://www.sec.gov/Archives/edgar/data/21344/000002134402000033/bla5.htm
COCA COLA CO|21344|2002-10-03|https://www.sec.gov/Archives/edgar/data/21344/000002134402000037/ueb11.htm
COCA COLA CO|21344|2002-10-03|https://www.sec.gov/Archives/edgar/data/21344/000002134402000039/rob10.htm
COCA COLA CO|21344|2002-10-03|https://www.sec.gov/Archives/edgar/data/21344/000002134402000041/nun8.htm
COCA COLA CO|21344|2002-10-03|https://www.sec.gov/Archives/edgar/data/21344/000002134402000043/all3.htm
COCA COLA CO|21344|2002-10-03|https://www.sec.gov/Archives/edgar/data/21344/000002134402000046/wil12.htm
COCA COLA CO|21344|2002-10-03|https://www.sec.gov/Archives/edgar/data/21344/000002134402000048/nar7.htm
COCA COLA CO|21344|2002-10-03|https://www.sec.gov/Archives/edgar/data/21344/000118143102001000/rrd1061.htm
COCA COLA CO|21344|2002-10-03|https://www.sec.gov/Archives/edgar/data/21344/000002134402000050/dil6.htm
COCA COLA CO|21344|2002-12-18|https://www.sec.gov/Archives/edgar/data/21344/000002134402000070/dil19.htm
COCA COLA CO|21344|2002-12-18|https://www.sec.gov/Archives/edgar/data/21344/000002134402000072/nar21.htm
COCA COLA CO|21344|2002-12-18|https://www.sec.gov/Archives/edgar/data/21344/000002134402000071/ueb25.htm
COCA COLA CO|21344|2002-12-18|https://www.sec.gov/Archives/edgar/data/21344/000002134402000073/rob24.htm
COCA COLA CO|21344|2002-12-18|https://www.sec.gov/Archives/edgar/data/21344/000002134402000074/mch16.htm
COCA COLA CO|21344|2002-12-18|https://www.sec.gov/Archives/edgar/data/21344/000002134402000075/all27.htm
COCA COLA CO|21344|2002-12-18|https://www.sec.gov/Archives/edgar/data/21344/000002134402000077/bla17.htm
COCA COLA CO|21344|2002-12-18|https://www.sec.gov/Archives/edgar/data/21344/000002134402000079/nun22.htm
COCA COLA CO|21344|2002-12-18|https://www.sec.gov/Archives/edgar/data/21344/000002134402000085/wil26.htm
COCA COLA CO|21344|2002-12-18|https://www.sec.gov/Archives/edgar/data/21344/000002134402000086/all14.htm
COCA COLA CO|21344|2002-12-18|https://www.sec.gov/Archives/edgar/data/21344/000118143102003161/rrd2807.htm
COCA COLA CO|21344|2002-12-18|https://www.sec.gov/Archives/edgar/data/21344/000002134402000084/ore23.htm
COCA COLA CO|21344|2002-12-20|https://www.sec.gov/Archives/edgar/data/21344/000002134402000100/cum7.htm
COCA COLA CO|21344|2002-12-18|https://www.sec.gov/Archives/edgar/data/21344/000002134402000087/kin20.htm
COCA COLA CO|21344|2002-12-20|https://www.sec.gov/Archives/edgar/data/21344/000002134402000101/dun12.htm
COCA COLA CO|21344|2002-12-20|https://www.sec.gov/Archives/edgar/data/21344/000002134402000102/fay3.htm
COCA COLA CO|21344|2002-12-20|https://www.sec.gov/Archives/edgar/data/21344/000002134402000104/jon9.htm
COCA COLA CO|21344|2002-12-20|https://www.sec.gov/Archives/edgar/data/21344/000002134402000105/mcd10.htm
COCA COLA CO|21344|2002-12-20|https://www.sec.gov/Archives/edgar/data/21344/000002134402000107/pat5.htm
COCA COLA CO|21344|2002-12-20|https://www.sec.gov/Archives/edgar/data/21344/000002134402000108/all6.htm
COCA COLA CO|21344|2002-12-20|https://www.sec.gov/Archives/edgar/data/21344/000002134402000103/hey8.htm
COCA COLA CO|21344|2002-12-20|https://www.sec.gov/Archives/edgar/data/21344/000002134402000106/min11.htm
INTEL CORP|50863|2002-10-02|https://www.sec.gov/Archives/edgar/data/50863/000005086302000095/edgar.htm
INTEL CORP|50863|2002-10-02|https://www.sec.gov/Archives/edgar/data/50863/000005086302000097/edgar.htm
INTEL CORP|50863|2002-10-10|https://www.sec.gov/Archives/edgar/data/50863/000005086302000100/edgar.htm
INTEL CORP|50863|2002-10-25|https://www.sec.gov/Archives/edgar/data/50863/000005086302000108/edgar.htm
INTEL CORP|50863|2002-11-04|https://www.sec.gov/Archives/edgar/data/50863/000005086302000115/edgar.htm
INTEL CORP|50863|2002-11-01|https://www.sec.gov/Archives/edgar/data/50863/000005086302000111/edgar.htm
INTEL CORP|50863|2002-11-04|https://www.sec.gov/Archives/edgar/data/50863/000005086302000117/edgar.htm
INTEL CORP|50863|2002-11-27|https://www.sec.gov/Archives/edgar/data/50863/000005086302000168/edgar.htm
INTEL CORP|50863|2002-11-27|https://www.sec.gov/Archives/edgar/data/50863/000005086302000169/edgar.htm
INTEL CORP|50863|2002-11-27|https://www.sec.gov/Archives/edgar/data/50863/000005086302000170/edgar.htm
INTEL CORP|50863|2002-11-27|https://www.sec.gov/Archives/edgar/data/50863/000005086302000171/edgar.htm
INTEL CORP|50863|2002-11-27|https://www.sec.gov/Archives/edgar/data/50863/000005086302000173/edgar.htm
INTEL CORP|50863|2002-11-27|https://www.sec.gov/Archives/edgar/data/50863/000005086302000174/edgar.htm
INTEL CORP|50863|2002-11-27|https://www.sec.gov/Archives/edgar/data/50863/000005086302000172/edgar.htm
INTEL CORP|50863|2002-11-27|https://www.sec.gov/Archives/edgar/data/50863/000005086302000175/edgar.htm
INTEL CORP|50863|2002-11-27|https://www.sec.gov/Archives/edgar/data/50863/000005086302000176/edgar.htm
INTEL CORP|50863|2002-12-03|https://www.sec.gov/Archives/edgar/data/50863/000005086302000179/edgar.htm
INTEL CORP|50863|2002-12-03|https://www.sec.gov/Archives/edgar/data/50863/000005086302000180/edgar.htm
INTEL CORP|50863|2002-12-13|https://www.sec.gov/Archives/edgar/data/50863/000005086302000185/edgar.htm
INTEL CORP|50863|2002-12-18|https://www.sec.gov/Archives/edgar/data/50863/000005086302000188/edgar.htm
INTEL CORP|50863|2002-12-20|https://www.sec.gov/Archives/edgar/data/50863/000005086302000190/edgar.htm
INTEL CORP|50863|2002-12-27|https://www.sec.gov/Archives/edgar/data/50863/000005086302000192/edgar.htm
J P MORGAN CHASE & CO|19617|2002-10-18|https://www.sec.gov/Archives/edgar/data/19617/000001961702000398/sha124.htm
INTEL CORP|50863|2002-12-31|https://www.sec.gov/Archives/edgar/data/50863/000005086302000195/edgar.htm
INTEL CORP|50863|2002-12-27|https://www.sec.gov/Archives/edgar/data/50863/000005086302000193/edgar.htm
J P MORGAN CHASE & CO|19617|2002-10-18|https://www.sec.gov/Archives/edgar/data/19617/000001961702000399/mcd123.htm
J P MORGAN CHASE & CO|19617|2002-10-22|https://www.sec.gov/Archives/edgar/data/19617/000001961702000406/lay126.htm
J P MORGAN CHASE & CO|19617|2002-10-23|https://www.sec.gov/Archives/edgar/data/19617/000001961702000408/dan127.htm
J P MORGAN CHASE & CO|19617|2002-12-31|https://www.sec.gov/Archives/edgar/data/19617/000001961702000422/kap132.htm
J P MORGAN CHASE & CO|19617|2002-12-31|https://www.sec.gov/Archives/edgar/data/19617/000001961702000423/dan133.htm
JOHNSON & JOHNSON|200406|2002-10-02|https://www.sec.gov/Archives/edgar/data/200406/000118899902000002/edgar.htm
J P MORGAN CHASE & CO|19617|2002-12-31|https://www.sec.gov/Archives/edgar/data/19617/000001961702000424/gra131.htm
JOHNSON & JOHNSON|200406|2002-10-02|https://www.sec.gov/Archives/edgar/data/200406/000118900002000002/edgar.htm
JOHNSON & JOHNSON|200406|2002-10-02|https://www.sec.gov/Archives/edgar/data/200406/000118900502000003/edgar.htm
JOHNSON & JOHNSON|200406|2002-10-02|https://www.sec.gov/Archives/edgar/data/200406/000118900802000002/edgar.htm
JOHNSON & JOHNSON|200406|2002-10-02|https://www.sec.gov/Archives/edgar/data/200406/000118900902000002/edgar.htm
JOHNSON & JOHNSON|200406|2002-10-02|https://www.sec.gov/Archives/edgar/data/200406/000118902202000002/edgar.htm
JOHNSON & JOHNSON|200406|2002-10-09|https://www.sec.gov/Archives/edgar/data/200406/000119220602000002/edgar.htm
JOHNSON & JOHNSON|200406|2002-11-04|https://www.sec.gov/Archives/edgar/data/200406/000118900902000006/edgar.htm
JOHNSON & JOHNSON|200406|2002-11-04|https://www.sec.gov/Archives/edgar/data/200406/000118902202000004/edgar.htm
JOHNSON & JOHNSON|200406|2002-11-12|https://www.sec.gov/Archives/edgar/data/200406/000118900502000005/edgar.htm
JOHNSON & JOHNSON|200406|2002-11-19|https://www.sec.gov/Archives/edgar/data/200406/000101708002000002/edgar.htm
JOHNSON & JOHNSON|200406|2002-11-19|https://www.sec.gov/Archives/edgar/data/200406/000114263002000004/edgar.htm
JOHNSON & JOHNSON|200406|2002-11-19|https://www.sec.gov/Archives/edgar/data/200406/000118900702000005/edgar.htm
JOHNSON & JOHNSON|200406|2002-11-19|https://www.sec.gov/Archives/edgar/data/200406/000118899602000004/edgar.htm
JOHNSON & JOHNSON|200406|2002-11-19|https://www.sec.gov/Archives/edgar/data/200406/000118901602000004/edgar.htm
JOHNSON & JOHNSON|200406|2002-11-19|https://www.sec.gov/Archives/edgar/data/200406/000118400902000002/edgar.htm
JOHNSON & JOHNSON|200406|2002-11-19|https://www.sec.gov/Archives/edgar/data/200406/000118901802000004/edgar.htm
JOHNSON & JOHNSON|200406|2002-11-19|https://www.sec.gov/Archives/edgar/data/200406/000119220302000002/edgar.htm
JOHNSON & JOHNSON|200406|2002-11-19|https://www.sec.gov/Archives/edgar/data/200406/000119220502000004/edgar.htm
JOHNSON & JOHNSON|200406|2002-11-19|https://www.sec.gov/Archives/edgar/data/200406/000119886402000002/edgar.htm
JOHNSON & JOHNSON|200406|2002-12-02|https://www.sec.gov/Archives/edgar/data/200406/000118900902000008/edgar.htm
JOHNSON & JOHNSON|200406|2002-12-02|https://www.sec.gov/Archives/edgar/data/200406/000118902202000006/edgar.htm
JOHNSON & JOHNSON|200406|2002-12-05|https://www.sec.gov/Archives/edgar/data/200406/000118900802000004/edgar.htm
JOHNSON & JOHNSON|200406|2002-12-11|https://www.sec.gov/Archives/edgar/data/200406/000101708002000004/edgar.htm
JOHNSON & JOHNSON|200406|2002-12-11|https://www.sec.gov/Archives/edgar/data/200406/000118400902000004/edgar.htm
JOHNSON & JOHNSON|200406|2002-12-11|https://www.sec.gov/Archives/edgar/data/200406/000114263002000007/edgar.htm
JOHNSON & JOHNSON|200406|2002-12-11|https://www.sec.gov/Archives/edgar/data/200406/000118899602000006/edgar.htm
JOHNSON & JOHNSON|200406|2002-12-11|https://www.sec.gov/Archives/edgar/data/200406/000118900702000007/edgar.htm
JOHNSON & JOHNSON|200406|2002-12-11|https://www.sec.gov/Archives/edgar/data/200406/000118901602000006/edgar.htm
JOHNSON & JOHNSON|200406|2002-12-11|https://www.sec.gov/Archives/edgar/data/200406/000118901802000006/edgar.htm
JOHNSON & JOHNSON|200406|2002-12-11|https://www.sec.gov/Archives/edgar/data/200406/000119220302000004/edgar.htm
JOHNSON & JOHNSON|200406|2002-12-11|https://www.sec.gov/Archives/edgar/data/200406/000119220502000006/edgar.htm
JOHNSON & JOHNSON|200406|2002-12-11|https://www.sec.gov/Archives/edgar/data/200406/000119886402000004/edgar.htm
JOHNSON & JOHNSON|200406|2002-12-11|https://www.sec.gov/Archives/edgar/data/200406/000119220502000007/edgar.htm
MICROSOFT CORP|789019|2002-10-24|https://www.sec.gov/Archives/edgar/data/789019/000119310502000002/edgar.htm
MICROSOFT CORP|789019|2002-10-23|https://www.sec.gov/Archives/edgar/data/789019/000119311902000002/edgar.htm
MICROSOFT CORP|789019|2002-10-28|https://www.sec.gov/Archives/edgar/data/789019/000119310502000003/edgar.htm
MICROSOFT CORP|789019|2002-10-30|https://www.sec.gov/Archives/edgar/data/789019/000119311202000002/edgar.htm
MICROSOFT CORP|789019|2002-10-30|https://www.sec.gov/Archives/edgar/data/789019/000119662302000002/edgar.htm
MICROSOFT CORP|789019|2002-10-31|https://www.sec.gov/Archives/edgar/data/789019/000119311202000003/edgar.htm
MICROSOFT CORP|789019|2002-10-31|https://www.sec.gov/Archives/edgar/data/789019/000119311702000001/edgar.htm
MICROSOFT CORP|789019|2002-10-31|https://www.sec.gov/Archives/edgar/data/789019/000119311802000001/edgar.htm
MICROSOFT CORP|789019|2002-11-01|https://www.sec.gov/Archives/edgar/data/789019/000119311002000001/edgar.htm
MICROSOFT CORP|789019|2002-11-01|https://www.sec.gov/Archives/edgar/data/789019/000119311202000004/edgar.htm
MICROSOFT CORP|789019|2002-11-01|https://www.sec.gov/Archives/edgar/data/789019/000119311702000002/edgar.htm
MICROSOFT CORP|789019|2002-11-06|https://www.sec.gov/Archives/edgar/data/789019/000119311202000005/edgar.htm
MICROSOFT CORP|789019|2002-11-07|https://www.sec.gov/Archives/edgar/data/789019/000119310702000001/edgar.htm
MICROSOFT CORP|789019|2002-11-07|https://www.sec.gov/Archives/edgar/data/789019/000119311702000003/edgar.htm
MICROSOFT CORP|789019|2002-11-14|https://www.sec.gov/Archives/edgar/data/789019/000119309602000001/edgar.htm
MICROSOFT CORP|789019|2002-11-14|https://www.sec.gov/Archives/edgar/data/789019/000119310702000002/edgar.htm
MICROSOFT CORP|789019|2002-11-15|https://www.sec.gov/Archives/edgar/data/789019/000119309802000001/edgar.htm
MICROSOFT CORP|789019|2002-11-18|https://www.sec.gov/Archives/edgar/data/789019/000119309902000001/edgar.htm
MICROSOFT CORP|789019|2002-11-19|https://www.sec.gov/Archives/edgar/data/789019/000119309902000002/edgar.htm
MICROSOFT CORP|789019|2002-11-18|https://www.sec.gov/Archives/edgar/data/789019/000119310202000001/edgar.htm
MICROSOFT CORP|789019|2002-11-20|https://www.sec.gov/Archives/edgar/data/789019/000119310902000003/edgar.htm
MICROSOFT CORP|789019|2002-11-20|https://www.sec.gov/Archives/edgar/data/789019/000119309902000003/edgar.htm
MICROSOFT CORP|789019|2002-11-21|https://www.sec.gov/Archives/edgar/data/789019/000118061002000001/edgar.htm
MICROSOFT CORP|789019|2002-11-21|https://www.sec.gov/Archives/edgar/data/789019/000119309902000004/edgar.htm
MICROSOFT CORP|789019|2002-11-25|https://www.sec.gov/Archives/edgar/data/789019/000105482202000001/edgar.htm
MICROSOFT CORP|789019|2002-11-25|https://www.sec.gov/Archives/edgar/data/789019/000111672602000001/edgar.htm
MICROSOFT CORP|789019|2002-11-26|https://www.sec.gov/Archives/edgar/data/789019/000119309902000005/edgar.htm
MICROSOFT CORP|789019|2002-11-26|https://www.sec.gov/Archives/edgar/data/789019/000119309902000006/edgar.htm
MICROSOFT CORP|789019|2002-11-29|https://www.sec.gov/Archives/edgar/data/789019/000119309902000007/edgar.htm
MICROSOFT CORP|789019|2002-12-04|https://www.sec.gov/Archives/edgar/data/789019/000119311002000002/edgar.htm
MICROSOFT CORP|789019|2002-11-29|https://www.sec.gov/Archives/edgar/data/789019/000119310202000003/edgar.htm
MICROSOFT CORP|789019|2002-12-02|https://www.sec.gov/Archives/edgar/data/789019/000119311202000007/edgar.htm
MICROSOFT CORP|789019|2002-12-05|https://www.sec.gov/Archives/edgar/data/789019/000119311302000001/edgar.htm
MICROSOFT CORP|789019|2002-12-05|https://www.sec.gov/Archives/edgar/data/789019/000119662302000003/edgar.htm
MICROSOFT CORP|789019|2002-12-05|https://www.sec.gov/Archives/edgar/data/789019/000119662302000004/edgar.htm
MICROSOFT CORP|789019|2002-12-26|https://www.sec.gov/Archives/edgar/data/789019/000118143102003449/rrd2998.htm
MICROSOFT CORP|789019|2002-12-31|https://www.sec.gov/Archives/edgar/data/789019/000119309602000002/edgar.htm
VERIZON COMMUNICATIONS INC|732712|2002-10-29|https://www.sec.gov/Archives/edgar/data/732712/000120147902000009/edgar.htm
VERIZON COMMUNICATIONS INC|732712|2002-10-29|https://www.sec.gov/Archives/edgar/data/732712/000120147902000011/edgar.htm
VERIZON COMMUNICATIONS INC|732712|2002-10-29|https://www.sec.gov/Archives/edgar/data/732712/000120147902000012/edgar.htm
VERIZON COMMUNICATIONS INC|732712|2002-10-29|https://www.sec.gov/Archives/edgar/data/732712/000120147902000013/edgar.htm
VERIZON COMMUNICATIONS INC|732712|2002-10-29|https://www.sec.gov/Archives/edgar/data/732712/000120147902000014/edgar.htm
VERIZON COMMUNICATIONS INC|732712|2002-10-29|https://www.sec.gov/Archives/edgar/data/732712/000120147902000015/edgar.htm
VERIZON COMMUNICATIONS INC|732712|2002-10-29|https://www.sec.gov/Archives/edgar/data/732712/000120147902000016/edgar.htm
VERIZON COMMUNICATIONS INC|732712|2002-10-29|https://www.sec.gov/Archives/edgar/data/732712/000120147902000017/edgar.htm
VERIZON COMMUNICATIONS INC|732712|2002-10-29|https://www.sec.gov/Archives/edgar/data/732712/000120147902000018/edgar.htm
VERIZON COMMUNICATIONS INC|732712|2002-11-01|https://www.sec.gov/Archives/edgar/data/732712/000120147902000020/edgar.htm
VERIZON COMMUNICATIONS INC|732712|2002-11-01|https://www.sec.gov/Archives/edgar/data/732712/000120147902000021/edgar.htm
VERIZON COMMUNICATIONS INC|732712|2002-11-13|https://www.sec.gov/Archives/edgar/data/732712/000120147902000024/edgar.htm
VERIZON COMMUNICATIONS INC|732712|2002-11-13|https://www.sec.gov/Archives/edgar/data/732712/000120147902000023/edgar.htm
VERIZON COMMUNICATIONS INC|732712|2002-11-04|https://www.sec.gov/Archives/edgar/data/732712/000120147902000022/edgar.htm
VERIZON COMMUNICATIONS INC|732712|2002-11-13|https://www.sec.gov/Archives/edgar/data/732712/000120147902000025/edgar.htm
VERIZON COMMUNICATIONS INC|732712|2002-11-13|https://www.sec.gov/Archives/edgar/data/732712/000120147902000026/edgar.htm
VERIZON COMMUNICATIONS INC|732712|2002-11-13|https://www.sec.gov/Archives/edgar/data/732712/000120147902000027/edgar.htm
VERIZON COMMUNICATIONS INC|732712|2002-11-13|https://www.sec.gov/Archives/edgar/data/732712/000120147902000028/edgar.htm
VERIZON COMMUNICATIONS INC|732712|2002-11-13|https://www.sec.gov/Archives/edgar/data/732712/000120147902000029/edgar.htm
VERIZON COMMUNICATIONS INC|732712|2002-11-13|https://www.sec.gov/Archives/edgar/data/732712/000120147902000030/edgar.htm
VERIZON COMMUNICATIONS INC|732712|2002-11-15|https://www.sec.gov/Archives/edgar/data/732712/000120147902000040/edgar.htm
VERIZON COMMUNICATIONS INC|732712|2002-11-18|https://www.sec.gov/Archives/edgar/data/732712/000120147902000042/edgar.htm
VERIZON COMMUNICATIONS INC|732712|2002-11-26|https://www.sec.gov/Archives/edgar/data/732712/000120147902000043/edgar.htm
VERIZON COMMUNICATIONS INC|732712|2002-11-26|https://www.sec.gov/Archives/edgar/data/732712/000120147902000044/edgar.htm
VERIZON COMMUNICATIONS INC|732712|2002-11-26|https://www.sec.gov/Archives/edgar/data/732712/000120147902000045/edgar.htm
VERIZON COMMUNICATIONS INC|732712|2002-11-26|https://www.sec.gov/Archives/edgar/data/732712/000120147902000046/edgar.htm
VERIZON COMMUNICATIONS INC|732712|2002-11-26|https://www.sec.gov/Archives/edgar/data/732712/000120147902000047/edgar.htm
VERIZON COMMUNICATIONS INC|732712|2002-11-26|https://www.sec.gov/Archives/edgar/data/732712/000120147902000048/edgar.htm
VERIZON COMMUNICATIONS INC|732712|2002-11-26|https://www.sec.gov/Archives/edgar/data/732712/000120147902000051/edgar.htm
VERIZON COMMUNICATIONS INC|732712|2002-11-26|https://www.sec.gov/Archives/edgar/data/732712/000120147902000049/edgar.htm
VERIZON COMMUNICATIONS INC|732712|2002-12-03|https://www.sec.gov/Archives/edgar/data/732712/000120147902000052/edgar.htm
VERIZON COMMUNICATIONS INC|732712|2002-11-26|https://www.sec.gov/Archives/edgar/data/732712/000120147902000050/edgar.htm
VERIZON COMMUNICATIONS INC|732712|2002-12-10|https://www.sec.gov/Archives/edgar/data/732712/000120147902000054/edgar.htm
VERIZON COMMUNICATIONS INC|732712|2002-12-10|https://www.sec.gov/Archives/edgar/data/732712/000120147902000055/edgar.htm
VERIZON COMMUNICATIONS INC|732712|2002-12-10|https://www.sec.gov/Archives/edgar/data/732712/000120147902000056/edgar.htm
VERIZON COMMUNICATIONS INC|732712|2002-12-10|https://www.sec.gov/Archives/edgar/data/732712/000120147902000057/edgar.htm
VERIZON COMMUNICATIONS INC|732712|2002-12-10|https://www.sec.gov/Archives/edgar/data/732712/000120147902000058/edgar.htm
VERIZON COMMUNICATIONS INC|732712|2002-12-10|https://www.sec.gov/Archives/edgar/data/732712/000120147902000059/edgar.htm
VERIZON COMMUNICATIONS INC|732712|2002-12-10|https://www.sec.gov/Archives/edgar/data/732712/000120147902000061/edgar.htm
VERIZON COMMUNICATIONS INC|732712|2002-12-10|https://www.sec.gov/Archives/edgar/data/732712/000120147902000060/edgar.htm
VERIZON COMMUNICATIONS INC|732712|2002-12-17|https://www.sec.gov/Archives/edgar/data/732712/000120147902000062/edgar.htm
VERIZON COMMUNICATIONS INC|732712|2002-12-24|https://www.sec.gov/Archives/edgar/data/732712/000120147902000064/edgar.htm
VERIZON COMMUNICATIONS INC|732712|2002-12-24|https://www.sec.gov/Archives/edgar/data/732712/000120147902000065/edgar.htm
VERIZON COMMUNICATIONS INC|732712|2002-12-24|https://www.sec.gov/Archives/edgar/data/732712/000120147902000066/edgar.htm
VERIZON COMMUNICATIONS INC|732712|2002-12-24|https://www.sec.gov/Archives/edgar/data/732712/000120147902000067/edgar.htm
VERIZON COMMUNICATIONS INC|732712|2002-12-24|https://www.sec.gov/Archives/edgar/data/732712/000120147902000068/edgar.htm
VERIZON COMMUNICATIONS INC|732712|2002-12-24|https://www.sec.gov/Archives/edgar/data/732712/000120147902000069/edgar.htm
VERIZON COMMUNICATIONS INC|732712|2002-12-24|https://www.sec.gov/Archives/edgar/data/732712/000120147902000070/edgar.htm
VERIZON COMMUNICATIONS INC|732712|2002-12-24|https://www.sec.gov/Archives/edgar/data/732712/000120147902000074/edgar.htm
